,indice_lote,PreC_VM,CP_VM,Peso_VM,Peso_min,Peso_max,Diametro_VM,Dureza_VM,Diametro_VM,friab
0,32,2.16,24.9,990.7,970.9,1006.8,5.58,11.9,21.01,0.0028
1,32,2.76,26.93,995.8,979.1,1014.7,5.61,11.8,21.01,0.0028
2,32,2.88,26.26,992.6,978.6,1011.4,5.6,11.3,21.01,0.0028
3,32,3.73,29.76,1006.3,987,1018,5.65,11.9,21.02,0.0028
4,32,3.07,25.94,999.3,982.6,1008.8,5.62,12,21.01,0.0028
5,32,3.2,26.88,999.4,989.5,1012.8,5.62,11.6,21.01,0.0028
6,32,2.62,25.93,1001.7,982.7,1016.4,5.62,12.4,21.01,0.0028
7,32,2.94,27.02,998,970.9,1018,5.62,11.8,21.01,0.0028
8,32,4.61,28.64,987.8,976.7,997.7,5.59,12.1,21.08,0.0028
9,32,4.41,29.21,1002.1,993.3,1012.1,5.68,12.4,21.08,0.0028
10,32,4.58,28.81,1004.7,992,1010.8,5.67,12.6,21.08,0.0028
11,32,3.77,29.05,1011.3,1006,1015.9,5.71,12.3,21.07,0.0028
12,32,3.38,23.34,986.7,980,993.5,5.61,12,21.07,0.0028
13,32,3.95,29.12,997.6,982.8,1009.1,5.65,12.5,21.07,0.0028
14,32,3.72,28.66,996.4,985.4,1006.9,5.63,12.4,21.07,0.0028
15,32,3.96,29.01,998.1,976.7,1015.9,5.65,12.3,21.07,0.0028
16,27,8.24,22.8,1003.6,987.4,1017.3,5.73,5.9,21.09,0.0041
17,27,7.76,23.11,999.6,976,1015.4,5.7,6.1,21.09,0.0041
18,27,7.83,23.34,1000.3,969.3,1014.7,5.71,6.1,21.09,0.0041
19,27,8.65,25.56,1005.3,985.8,1021.2,5.72,6.4,21.09,0.0041
20,27,8.6,24.26,993.2,970.7,1010,5.67,6.2,21.09,0.0041
21,27,9.33,26.3,996.6,973.4,1012.3,5.67,6.6,21.09,0.0041
22,27,8.19,23.85,999.8,969.3,1021.2,5.7,6.2,21.09,0.0041
23,27,7.3,32.33,1014,995.5,1029.3,5.73,7,21.1,0.0041
24,27,6.7,30.92,1009.1,991.6,1022.7,5.7,7,21.1,0.0041
25,27,6.89,31.75,1005.3,986.6,1021.1,5.69,7,21.12,0.0041
26,27,6.73,31.55,996.8,979.5,1010,5.66,6.9,21.12,0.0041
27,27,6.89,31.94,999.5,981.6,1013.5,5.67,7.2,21.12,0.0041
28,27,6.93,32.33,1002.2,984,1016.3,5.66,7.5,21.12,0.0041
29,27,6.88,31.8,1004.5,979.5,1029.3,5.69,7.1,21.11,0.0041
30,28,10.84,30.83,1012.4,995.4,1026.8,5.72,6.7,21.12,0.0051
31,28,10.65,23.15,998.9,983.8,1014.4,5.68,6.5,21.12,0.0051
32,28,14.56,22.99,1010.7,995.9,1023.5,5.74,6.4,21.12,0.0051
33,28,14.78,26.17,1012.5,991.1,1028,5.72,6.6,21.12,0.0051
34,28,14.83,27.26,1006.8,980.9,1022.3,5.68,6.7,21.12,0.0051
35,28,12.22,24.24,986.9,962,999.8,5.62,5.8,21.12,0.0051
36,28,14.14,26.78,1004.7,962,1028,5.69,6.5,21.12,0.0051
37,28,8.12,36.48,1009.3,986.3,1029.6,5.68,8.2,21.09,0.0051
38,28,9.17,41.22,998.9,981.2,1009.3,5.63,8.1,21.07,0.0051
39,28,13.71,42.44,1019.2,1005.4,1028,5.73,8.1,21.07,0.0051
40,28,12.23,42.29,1008.4,984.5,1017,5.68,7.9,21.07,0.0051
41,28,11.63,40.83,1006.8,984.5,1019.6,5.68,7.9,21.07,0.0051
42,28,11.77,41.5,1001.4,979.8,1014.7,5.66,8,21.08,0.0051
43,28,11.4,41.05,1007.3,979.8,1029.6,5.68,8,21.08,0.0051
44,29,6.44,40.04,1014.3,1004.8,1025.2,5.63,10.6,21.12,0.0027
45,29,5.06,33.91,1006.5,999.4,1014.8,5.61,10.5,21.11,0.0027
46,29,5.05,36.46,1002.3,984.6,1022.9,5.6,8.5,21.12,0.0027
47,29,7.61,43.1,999.5,977,1038.9,5.57,13,21.11,0.0027
48,29,14.35,40.97,1019.5,998.2,1030.9,5.65,9.4,21.12,0.0027
49,29,12.87,40.7,1003.9,990,1014.9,5.6,11.3,21.12,0.0027
50,29,11.03,35.42,1011.5,999.2,1024.5,5.63,10.1,21.12,0.0027
51,29,10.51,37.16,1022.6,1006,1037.9,5.66,11.4,21.11,0.0027
52,29,9.51,35.12,1018.7,1006.3,1026.6,5.65,10.3,21.11,0.0027
53,29,9.76,37.05,1015,1003.2,1020.3,5.64,9.5,21.12,0.0027
54,29,8.01,34.27,1011.4,977,1038.9,5.62,10.5,21.11,0.0027
55,29,5.95,52.66,998.2,989.2,1003.3,5.56,11.4,21.1,0.0027
56,29,5.67,49.82,1017.4,1007.8,1028.2,5.65,10.8,21.11,0.0027
57,29,4.95,46.81,1007.3,987.2,1014.6,5.62,9.4,21.1,0.0027
58,29,1.2,43.72,997.1,964.3,1014.6,5.58,13.2,21.11,0.0027
59,29,5.82,48.06,1001.1,974,1009.3,5.59,10.4,21.11,0.0027
60,29,5.7,45.78,1020.7,1004.7,1030.1,5.67,10.8,21.11,0.0027
61,29,4.75,38.76,1009.2,989.2,1022,5.61,11.1,21.1,0.0027
62,29,5.16,42.93,1019.5,1002.5,1029.8,5.65,11.5,21.1,0.0027
63,29,4.99,42.82,1010.8,979.5,1020.7,5.63,10.1,21.1,0.0027
64,29,4.8,43.71,988.9,966.7,1002.4,5.53,10,21.1,0.0027
65,29,5.23,44.51,1007,964.3,1030.1,5.61,10.9,21.1,0.0027
66,30,4.95,18.35,982,973.6,998.8,5.6,8.5,21.12,0.0027
67,30,5.58,17.58,993.4,984.2,1002.9,5.66,8.8,21.12,0.0027
68,30,6.4,19.2,1003.2,992,1014,5.7,9.1,21.12,0.0027
69,30,5.96,17.82,1006.3,985.7,1019.7,5.69,9.6,21.11,0.0027
70,30,6.02,18.37,1003.5,996.2,1010.4,5.69,8.9,21.11,0.0027
71,30,6.83,19.55,996.9,972.2,1012.8,5.67,8.8,21.11,0.0027
72,30,6.61,19.61,1004.7,976.9,1014.5,5.68,9.3,21.11,0.0027
73,30,6.54,19.48,1007.2,996.6,1014.6,5.69,9.4,21.11,0.0027
74,30,6.16,18.74,1000.9,989.4,1010.3,5.66,8.9,21.11,0.0027
75,30,6.6,19.76,1002.8,989,1014.1,5.67,9.3,21.11,0.0027
76,30,7.01,20.2,1004.5,990.7,1015.3,5.67,9.2,21.11,0.0027
77,30,6.39,19.45,1000.5,972.2,1019.7,5.67,9.1,21.11,0.0027
78,30,4.43,26.78,1007.7,998.3,1016.6,5.62,11.1,21.11,0.0027
79,30,4.93,29.98,996.7,986.7,1008.1,5.59,11.5,21.11,0.0027
80,30,5.08,26.01,990,976.9,1005.3,5.6,10.2,21.11,0.0027
81,30,5.06,24.77,996.5,983.6,1007.9,5.62,10.4,21.11,0.0027
82,30,5.37,26.37,1010.4,1004.7,1017.9,5.66,10.8,21.11,0.0027
83,30,5.66,27.74,999.1,979,1012.3,5.63,10.4,21.11,0.0027
84,30,5.06,25.15,999.4,980.9,1012.5,5.63,10.6,21.11,0.0027
85,30,5.47,26.41,1002.7,991.1,1010.2,5.64,10.7,21.11,0.0027
86,30,5.31,26.1,1001.4,987.9,1018.9,5.63,10.7,21.1,0.0027
87,30,5.08,25.56,995,981.2,1011.4,5.6,10.4,21.1,0.0027
88,30,5.06,25.94,999.9,976.9,1018.9,5.62,10.7,21.11,0.0027
89,33,2.32,25.11,993.1,975.5,1005.9,5.6,10.9,21.01,0.0025
90,33,2.42,27.27,1014.8,1000.5,1028.2,5.67,11.6,21.01,0.0025
91,33,2.35,26.62,1003,986.4,1015,5.62,11.6,21.01,0.0025
92,33,2.29,27.16,1013,999.4,1024,5.65,11.6,21.01,0.0025
93,33,2.28,26.91,1006.2,987.6,1021.7,5.62,11.8,21.01,0.0025
94,33,2.16,28.18,1000,984,1014.8,5.61,11.3,21.01,0.0025
95,33,2.11,27.98,997.9,984.5,1009.7,5.61,11.2,21.01,0.0025
96,33,2.13,28.02,996.9,986.8,1009.5,5.6,11.2,21.01,0.0025
97,33,2.23,27.21,1003.1,975.5,1028.2,5.62,11.4,21.01,0.0025
98,33,4.34,27.65,994.8,985.9,1005.5,5.62,11.6,21.07,0.0025
99,33,3.79,29.07,1000.8,986.8,1008,5.65,11.8,21.07,0.0025
100,33,3.71,27.67,993.8,982.7,1002.1,5.63,12.1,21.07,0.0025
101,33,3.79,28.73,986.2,976.4,993.7,5.59,11.2,21.06,0.0025
102,33,3.75,26.57,1002.7,987.9,1019.3,5.67,11.8,21.07,0.0025
103,33,3.82,26.99,1004.4,993.2,1013,5.68,11.5,21.07,0.0025
104,33,3.87,27.56,1001.8,991.3,1017.5,5.67,11.1,21.07,0.0025
105,33,3.97,28.67,999.3,985.4,1010.2,5.65,11.6,21.07,0.0025
106,33,3.94,28.19,998,976.4,1019.3,5.65,11.6,21.07,0.0025
107,46,3.51,32.05,1011.3,995.2,1028.7,5.65,11.3,21.01,0.0038
108,46,3.21,30.17,1001,981.6,1021.3,5.6,11,21,0.0038
109,46,3.42,31.79,990.8,981.6,1002.6,5.57,10.6,21,0.0038
110,46,3.33,31.37,1013.3,997.6,1023,5.64,11.2,21.01,0.0038
111,46,3.23,31.65,996.3,976.7,1008.9,5.59,10.4,21,0.0038
112,46,3.34,32.1,996.8,990.6,1005,5.59,10.9,21,0.0038
113,46,3.1,29.84,1006.5,994.8,1015.9,5.63,11.2,21.01,0.0038
114,46,3.31,31.78,999.9,988.2,1019.5,5.6,11.4,21,0.0038
115,46,3.37,32.28,1003,987.2,1022.7,5.61,11.4,21.01,0.0038
116,46,3.31,31.3,1002.1,976.7,1028.7,5.61,11.1,21,0.0038
117,46,4.95,23.99,996.6,981.7,1005.1,5.64,10.1,21.08,0.0038
118,46,4.89,27.19,1009.4,999,1026.4,5.67,11,21.08,0.0038
119,46,5.04,26.05,1003.7,984.4,1014.1,5.66,10.3,21.08,0.0038
120,46,4.51,24.16,1009.6,1003,1017.8,5.68,10.2,21.09,0.0038
121,46,4.29,24.1,996.3,988.4,1003.1,5.63,9.6,21.08,0.0038
122,46,4.63,25.68,1001.5,996.8,1007.7,5.66,10.2,21.08,0.0038
123,46,4.83,25.87,1004.7,989.8,1016.5,5.67,10.3,21.08,0.0038
124,46,4.37,23.49,997.6,986,1008.2,5.63,10.6,21.08,0.0038
125,46,4.83,25.34,1006,991,1017.7,5.66,10.5,21.08,0.0038
126,46,4.72,25.26,1002.8,981.7,1026.4,5.66,10.3,21.08,0.0038
127,47,4.58,29.5,1012.5,1000.2,1020.1,5.66,10.5,21,0.0038
128,47,4.48,30.1,1002.2,998.6,1010.5,5.63,10,21,0.0038
129,47,4.33,28.93,997.2,988.4,1010.6,5.62,9.9,21,0.0038
130,47,4.4,29.63,1004.1,992.6,1015.4,5.63,10.3,21,0.0038
131,47,4.36,29.82,1000.6,989.3,1011.4,5.61,10.4,21,0.0038
132,47,4.37,28.46,1010.3,994.2,1022.3,5.66,10.6,21,0.0038
133,47,5.09,31.33,1010.7,988.9,1019.4,5.65,10.9,21,0.0038
134,47,4.3,28.75,1004.7,982,1021.9,5.64,10,21,0.0038
135,47,4.33,29.26,1011.5,1001.7,1020.1,5.68,9.9,21,0.0038
136,47,4.53,29.81,1006,982,1022.3,5.64,10.3,21,0.0038
137,47,4.97,22.66,1015.3,1000.5,1026.9,5.71,10.6,21.08,0.0038
138,47,4.88,23.33,1005,985,1027.8,5.67,9.5,21.08,0.0038
139,47,5.02,23.77,1002.8,982.3,1016.4,5.66,9.6,21.08,0.0038
140,47,4.56,23.21,1000.5,978.3,1014.7,5.66,9.7,21.09,0.0038
141,47,5.18,24.75,996.8,986,1010.5,5.64,9.4,21.08,0.0038
142,47,5.26,23.91,1019.1,996.7,1024.8,5.72,9.7,21.08,0.0038
143,47,5.45,23.91,1013.2,1003,1023.8,5.69,10.1,21.08,0.0038
144,47,5.35,24.46,1004.8,989,1022.4,5.68,9.9,21.08,0.0038
145,47,4.81,23.25,1008.8,987.4,1025.7,5.68,9.4,21.09,0.0038
146,47,5.14,24.08,1007.4,978.3,1027.8,5.68,9.8,21.08,0.0038
147,49,5.96,28.99,999.1,984.8,1012.6,5.61,11.1,21.1,0.0029
148,49,6.01,30.25,996.4,989.9,1008,5.6,11.1,21.1,0.0029
149,49,6.05,29.25,1002.3,989.4,1014.6,5.62,10.9,21.1,0.0029
150,49,6.01,29.51,1000,988.4,1015.9,5.6,11.4,21.09,0.0029
151,49,6.16,30.61,993.6,986.3,1006.7,5.59,11,21.1,0.0029
152,49,6.18,28.08,1000,987.9,1008,5.61,11.2,21.1,0.0029
153,49,6.29,29.69,999.9,987.9,1011.1,5.61,11.4,21.1,0.0029
154,49,6.23,28.68,998,989,1008.6,5.59,11.1,21.1,0.0029
155,49,6.18,29.19,994.7,973.1,1016.3,5.59,11.5,21.09,0.0029
156,49,6.12,28.24,982.3,970,992.4,5.56,10.9,21.1,0.0029
157,49,6.18,29.24,993.5,976.1,1005,5.58,11,21.1,0.0029
158,49,6.18,28.45,989.8,978.3,1000,5.58,11.3,21.1,0.0029
159,49,6.02,25.79,989.8,970.8,1004.7,5.57,12,21.09,0.0029
160,49,6.15,28.81,995.3,970,1016.3,5.59,11.2,21.1,0.0029
161,49,4.64,25.27,1005.7,991.6,1015.7,5.62,11.4,21.11,0.0029
162,49,4.65,25.57,1001,994.9,1008.1,5.61,10.3,21.1,0.0029
163,49,4.64,25.13,1002.7,988.7,1017.4,5.61,10.8,21.1,0.0029
164,49,4.73,25.79,994.5,985.9,1005.6,5.58,10.3,21.1,0.0029
165,49,4.72,25.84,996.2,980.7,1003.7,5.58,10.6,21.1,0.0029
166,49,4.72,25.87,1004,994.6,1014.3,5.62,11,21.1,0.0029
167,49,4.67,25.61,1004.1,996.7,1011.5,5.61,11.2,21.1,0.0029
168,49,4.49,23.79,993.1,984.8,1001.4,5.57,10.8,21.1,0.0029
169,49,4.79,26.27,993.2,982.7,998.7,5.58,10.7,21.1,0.0029
170,49,4.86,26.92,996.6,973.1,1007.4,5.58,10.8,21.1,0.0029
171,49,4.94,26.55,990.8,979.5,1001.1,5.57,11.9,21.11,0.0029
172,49,4.8,26.05,998.3,973.1,1017.4,5.59,10.9,21.1,0.0029
173,50,6.3,28.53,1000,989.6,1007.7,5.63,12.2,21.1,0.0032
174,50,5.88,27.91,999.5,988.9,1013.9,5.62,12,21.1,0.0032
175,50,5.93,28.26,1002.9,993.5,1016,5.64,12.1,21.1,0.0032
176,50,5.98,28.23,1003,986.7,1015.9,5.64,12,21.1,0.0032
177,50,5.96,28.06,993.4,980.9,1011.5,5.61,11.7,21.1,0.0032
178,50,5.97,28.15,997.5,979.8,1011.9,5.62,11.8,21.1,0.0032
179,50,6.12,27.86,1004.8,992.2,1019.3,5.64,11.8,21.09,0.0032
180,50,6.07,28.39,1000.2,979.8,1019.3,5.63,11.9,21.1,0.0032
181,50,5.43,26.85,998.4,984.9,1006,5.6,12.8,21.09,0.0032
182,50,4.92,26.32,996.2,982.7,1009.2,5.6,11.7,21.1,0.0032
183,50,5.18,26.66,998.5,981.1,1018.1,5.61,11.3,21.1,0.0032
184,50,5.2,26.3,1003.5,984.8,1014.9,5.63,11.6,21.1,0.0032
185,50,5.16,25.99,992.3,984,998.5,5.6,11.6,21.1,0.0032
186,50,5.31,26.7,992.5,973.6,1010.5,5.59,11.4,21.1,0.0032
187,50,5.51,25.95,999.6,990,1010.2,5.64,11.6,21.1,0.0032
188,50,5.25,26.28,997.3,973.6,1018.1,5.61,11.7,21.1,0.0032
189,17,9.58,31.03,1009.6,982.4,1026.3,5.72,6.8,21.12,0.0055
190,17,8.41,31,1004.8,980.9,1017.8,5.7,6.8,21.13,0.0055
191,17,8.69,27.21,1004.1,981.4,1019.9,5.71,6.7,21.13,0.0055
192,17,8.62,27.2,1001.2,979,1015.4,5.7,6.4,21.13,0.0055
193,17,7.91,26.67,992.3,975.5,1004.2,5.67,6.4,21.13,0.0055
194,17,8.57,28.72,1000.6,981.2,1024.5,5.7,6.6,21.13,0.0055
195,17,8.91,29.1,1002.1,975.5,1026.3,5.7,6.6,21.13,0.0055
196,17,7.64,40.67,1008.3,983.1,1020.6,5.69,7.8,21.12,0.0055
197,17,6.45,36.47,1007,985.8,1017.6,5.68,7.6,21.12,0.0055
198,17,6.86,33.22,997.1,971.3,1008.5,5.67,7.1,21.12,0.0055
199,17,6.52,32.31,1002.7,979.8,1019.5,5.68,6.5,21.12,0.0055
200,17,6.89,33.98,1001.9,979.4,1018.3,5.68,7,21.12,0.0055
201,17,7.17,34.74,998.8,971.3,1012.4,5.67,7.2,21.12,0.0055
202,17,7.16,35.81,1002.6,971.3,1020.6,5.68,7.2,21.12,0.0055
203,18,7.76,26.65,1006.1,990.9,1019.2,5.73,7.3,21.14,0.0045
204,18,7.95,27.3,1007,989.4,1023,5.72,7.1,21.13,0.0045
205,18,8.54,28.1,1001.5,985,1018.1,5.71,7,21.14,0.0045
206,18,8.57,28.22,1001.7,981.9,1015.8,5.71,7.1,21.14,0.0045
207,18,8.28,27.51,1000.6,980.7,1018.9,5.7,7,21.14,0.0045
208,18,8.39,27.97,997.7,979.3,1011.9,5.69,6.9,21.14,0.0045
209,18,8.16,27.44,1002.4,979.3,1023,5.71,7.1,21.14,0.0045
210,18,6.94,36.06,1004.5,985,1021.7,5.67,8.2,21.13,0.0045
211,18,6.64,28.21,1000.2,982.1,1014.4,5.68,7.7,21.13,0.0045
212,18,6.62,27.71,1001.9,981.7,1018,5.7,7.5,21.13,0.0045
213,18,7.13,28.43,1008.7,989.6,1022.4,5.71,7.6,21.13,0.0045
214,18,7.15,28.64,1006.7,990.8,1018.9,5.71,7.5,21.13,0.0045
215,18,7.23,29.02,1003.2,982.9,1017,5.69,7.5,21.13,0.0045
216,18,6.98,29.26,1004.2,981.7,1022.4,5.7,7.7,21.13,0.0045
217,19,11.32,18.99,1015.6,1006.4,1027.4,5.76,7.2,21.11,0.0042
218,19,10.82,18.3,993.2,977.9,1002.2,5.68,6.5,21.11,0.0042
219,19,10.68,18.48,997.5,979.7,1007.8,5.69,6.8,21.09,0.0042
220,19,13.63,21.57,1016,995.3,1027.1,5.75,7,21.09,0.0042
221,19,3.2,1.43,1002.1,985.1,1010.6,5.7,6.7,21.1,0.0042
222,19,12.07,19.1,1004.9,977.9,1027.4,5.71,6.8,21.1,0.0042
223,19,9.5,22.25,1002.7,980.2,1015.8,5.67,7.3,20.99,0.0042
224,19,9.32,22.31,995.9,976.3,1006.6,5.65,7.2,20.98,0.0042
225,19,10.09,23.84,995.1,974.4,1005.9,5.65,7.3,20.98,0.0042
226,19,10.07,23.54,1002.4,979.6,1019.1,5.67,7.6,20.98,0.0042
227,19,0.09,13.74,989.1,970.1,1004.4,5.62,7.2,20.98,0.0042
228,19,10.17,23.8,996,977.6,1009,5.65,7.3,20.98,0.0042
229,19,10.15,23.81,996.9,970.1,1019.1,5.65,7.3,20.98,0.0042
230,20,0.8,0.62,1007.9,991.2,1019.1,5.68,5.7,21.11,0.0037
231,20,9.84,23.49,996.6,983,1009.7,5.64,6,21.11,0.0037
232,20,14.2,30.16,1010.2,997.1,1024.2,5.68,6,21.11,0.0037
233,20,14.24,30.86,1006,985.9,1018.2,5.67,6.3,21.11,0.0037
234,20,13.44,29.68,998.9,990.3,1007,5.64,5.9,21.1,0.0037
235,20,13.33,29.9,1002.1,984.2,1018.9,5.64,6.3,21.1,0.0037
236,20,13.48,28.83,1003.6,983,1024.2,5.66,6,21.11,0.0037
237,20,10.51,29.08,1007.3,991.2,1017.1,5.67,6.3,20.99,0.0037
238,20,9.87,27.87,1008.3,990.7,1017.1,5.66,6.6,20.99,0.0037
239,20,11.06,31.59,1006.1,996.5,1020.6,5.66,7.1,20.98,0.0037
240,20,10.8,31.19,1004.5,986.9,1015,5.65,6.4,20.98,0.0037
241,20,10.2,29.92,996.8,984.5,1011.9,5.62,6.3,20.98,0.0037
242,20,10.7,30.87,997.7,979.9,1009.8,5.61,6.4,20.99,0.0037
243,20,10.63,30.26,1003.5,979.9,1020.6,5.64,6.5,20.99,0.0037
244,21,10.96,26.94,1013,1001.8,1021.3,5.67,6.6,21.11,0.0027
245,21,14.29,30.74,1027.4,1017,1036.1,5.72,6.7,21.1,0.0027
246,21,10.78,26.39,1004.8,990.2,1019.2,5.64,6.8,21.1,0.0027
247,21,11.54,28.67,1000.7,986.8,1009.3,5.63,6.1,21.1,0.0027
248,21,9.68,26.14,1005.8,996.6,1009.7,5.64,6.3,21.1,0.0027
249,21,12.72,29.65,1014.1,997.2,1027.7,5.68,7.7,21.1,0.0027
250,21,9.84,19.53,1001.9,986.8,1016.2,5.67,6.4,21.11,0.0027
251,21,9.52,19.82,1002.1,982.1,1014.7,5.67,6.6,21.11,0.0027
252,21,10.02,20.48,1000.4,982.2,1017.8,5.67,6.6,21.11,0.0027
253,21,12.37,26.1,1005.9,982.1,1036.1,5.67,6.7,21.11,0.0027
254,21,8.9,27.25,999.9,992.4,1010.2,5.62,6.1,20.99,0.0027
255,21,10.05,29.84,994.5,986,1004.5,5.61,6.8,20.99,0.0027
256,21,11.76,33.87,1027.1,1012.9,1046.4,5.75,6.7,20.98,0.0027
257,21,7.97,25.14,1004.5,982.7,1021.1,5.64,8.5,20.99,0.0027
258,21,11.02,33.45,1001.6,983.5,1015.2,5.63,7.9,20.99,0.0027
259,21,11.17,26.63,1015.3,997.5,1028,5.71,7.4,20.99,0.0027
260,21,10.29,25.12,1006.4,987.9,1023.2,5.66,7.5,20.99,0.0027
261,21,10.52,25.49,1002.3,983.2,1020.1,5.65,7.5,20.99,0.0027
262,21,9.97,23.7,993.5,971.9,1010.8,5.62,7.2,20.99,0.0027
263,21,10.37,28.04,1004.3,971.9,1046.4,5.65,7.5,20.99,0.0027
264,36,6.41,32.49,997.2,981.5,1025.7,5.63,6.4,21.11,0.0045
265,36,6.13,36.51,1003.5,983.2,1024.1,5.66,6.3,21.11,0.0045
266,36,6.21,38.08,993.5,977.1,1016.9,5.61,6.4,21.11,0.0045
267,36,6.83,37.31,1001.5,983.8,1027.2,5.64,6.8,21.1,0.0045
268,36,7.06,39.14,1006.8,992.9,1029.9,5.65,7,21.1,0.0045
269,36,7.37,41.84,1003.4,981.8,1025,5.64,6.9,21.1,0.0045
270,36,6.88,38.95,997.6,978.7,1021.2,5.62,7,21.1,0.0045
271,36,6.76,37.92,1000.5,977.1,1029.9,5.63,6.7,21.1,0.0045
272,36,6.1,32.81,1006.5,988.1,1028,5.68,7.1,21.11,0.0045
273,36,5.93,33.23,1007.4,992.9,1028.1,5.69,6.9,21.11,0.0045
274,36,5.6,32.77,999.6,982.3,1015.5,5.65,7.1,21.11,0.0045
275,36,6.11,31.99,998.7,984.9,1019.2,5.64,7.3,21.11,0.0045
276,36,6.64,34.23,1003,989.5,1021.2,5.65,7.7,21.11,0.0045
277,36,6.82,35,1005.3,991.9,1022.2,5.66,7.4,21.11,0.0045
278,36,6.71,34.76,1001.3,978.2,1024,5.65,7.3,21.11,0.0045
279,36,6.29,33.44,1003.1,978.2,1028.1,5.66,7.3,21.11,0.0045
280,37,4.77,30.28,1002.8,990.9,1013.1,5.59,12.4,21.09,0.0034
281,37,3.56,30.89,997.6,978.5,1010.5,5.58,10.6,21.1,0.0034
282,37,3.66,31.66,1000.5,987.6,1008.5,5.59,10.9,21.1,0.0034
283,37,3.25,28.8,1000.4,989,1017.7,5.59,11.4,21.1,0.0034
284,37,3.37,30.27,1014.4,1002.9,1025.8,5.63,12.1,21.1,0.0034
285,37,3.42,30.49,1004.3,993.9,1009.8,5.6,11.1,21.1,0.0034
286,37,3.18,29.81,996.7,986.9,1011.7,5.57,10.6,21.11,0.0034
287,37,3.54,31.27,1001.9,989.1,1015.8,5.59,11.3,21.1,0.0034
288,37,3.62,31.24,1002.3,978.5,1025.8,5.59,11.3,21.1,0.0034
289,37,5.78,29.19,1008.2,994.8,1021.1,5.66,10.7,21.1,0.0034
290,37,5.7,30.63,1004.6,991.1,1015.1,5.64,10.8,21.09,0.0034
291,37,5.85,31.68,986.1,975.4,995.5,5.59,10,21.1,0.0034
292,37,6.29,31.63,1000.5,990.8,1009.7,5.62,10.7,21.1,0.0034
293,37,5.44,28.22,1014.7,1003.8,1023.7,5.67,11.3,21.09,0.0034
294,37,5.56,31.58,997.7,988.2,1006.8,5.62,10.3,21.1,0.0034
295,37,5.24,29.64,994.7,981.4,1015.8,5.61,10.5,21.1,0.0034
296,37,5.43,29.1,998.3,981,1009.4,5.63,11.1,21.09,0.0034
297,37,5.62,30.01,1000.5,975.4,1023.7,5.63,10.7,21.09,0.0034
298,38,4.98,29.44,990.8,980.4,1000.9,5.57,11.9,21.11,0.0051
299,38,5.24,28.89,991.3,983.7,1001,5.58,12,21.11,0.0051
300,38,4.84,29.48,996.9,989.1,1010.2,5.6,12.1,21.11,0.0051
301,38,4.37,31.25,1002.7,990.2,1016.5,5.61,12.7,21.11,0.0051
302,38,4.33,31.5,1005.4,992.5,1016.7,5.62,12.6,21.11,0.0051
303,38,4.27,30.72,1010.4,992.5,1022,5.63,13.1,21.11,0.0051
304,38,4.54,32.52,1000.3,995.3,1012.6,5.6,12.4,21.11,0.0051
305,38,4.26,31.63,1000.7,986.3,1010.2,5.61,12.6,21.1,0.0051
306,38,4.48,30.63,999.8,980.4,1022,5.6,12.4,21.11,0.0051
307,38,7.4,31.69,1011,1002.6,1022,5.68,13.5,21.1,0.0051
308,38,5.93,31.41,989,980.3,995.9,5.62,11.7,21.1,0.0051
309,38,5.92,29.63,1009.4,995.7,1026.3,5.68,12.2,21.1,0.0051
310,38,5.42,28.02,1006.8,993.8,1016,5.66,12.5,21.1,0.0051
311,38,5.62,29.52,1000.6,984.6,1013.3,5.65,12.3,21.1,0.0051
312,38,5.66,29.91,1013.3,999.7,1026.8,5.68,12.9,21.1,0.0051
313,38,6.21,32.72,1006.4,992.2,1017.8,5.66,12.4,21.1,0.0051
314,38,6.18,30.86,996.4,987.5,1003.2,5.61,12.6,21.11,0.0051
315,38,5.86,30.03,1004.1,980.3,1026.8,5.65,12.5,21.1,0.0051
316,41,4.85,29.67,1008.2,990.9,1022.4,5.7,7.4,21.01,0.0035
317,41,5.27,31.71,1002.9,985.7,1019,5.7,7.2,21.01,0.0035
318,41,4.75,30.23,1007.7,987.1,1024,5.71,7.3,21.01,0.0035
319,41,4.78,30.26,1004.5,983,1023.9,5.7,6.9,21.01,0.0035
320,41,4.42,28.92,1004.2,987.8,1020.5,5.71,7.1,21.01,0.0035
321,41,4.95,31.03,1007.5,987.9,1023.6,5.71,7.2,21.01,0.0035
322,41,4.87,30.92,998,977.2,1015.1,5.68,6.9,21.01,0.0035
323,41,4.79,30.27,1004.7,977.2,1024,5.7,7.1,21.01,0.0035
324,41,4.24,27.23,1005.6,978.9,1019.7,5.72,7,21.09,0.0035
325,41,4.9,27.16,1009.3,988.9,1026.9,5.72,7.3,21.09,0.0035
326,41,4.91,27.29,1005.9,981.6,1025.3,5.7,7.1,21.09,0.0035
327,41,4.83,27.35,1003.9,981.2,1020.5,5.71,6.9,21.09,0.0035
328,41,4.97,26.68,993,972.6,1005.7,5.67,6.7,21.09,0.0035
329,41,4.87,25.54,1003.2,987.5,1020.1,5.71,6.7,21.09,0.0035
330,41,5.11,26.92,997.8,980.3,1013.9,5.69,6.8,21.09,0.0035
331,41,4.87,26.74,1002.7,972.6,1026.9,5.7,6.9,21.09,0.0035
332,42,5.54,31.85,1006.5,986.9,1019.1,5.68,6.3,21.02,0.0058
333,42,7.45,34.83,1003.6,986.5,1014.1,5.66,6.6,21.01,0.0058
334,42,7.32,35.2,1002.6,988.2,1013,5.65,6.9,21.01,0.0058
335,42,7.39,34.29,1000.6,982.9,1013.4,5.65,6.8,21.01,0.0058
336,42,8.03,35.01,1009.1,994.6,1019,5.68,6.9,21.01,0.0058
337,42,7.84,34.87,999,983.6,1011.2,5.66,6.5,21.01,0.0058
338,42,7.79,34.95,996.5,982.1,1006.3,5.65,6.4,21.01,0.0058
339,42,8.01,34.88,1001.1,987.1,1009.7,5.66,6.5,21.02,0.0058
340,42,8.13,35.27,1001.6,988,1009.9,5.66,6.5,21.02,0.0058
341,42,7.71,34.91,1002.3,982.1,1019.1,5.66,6.6,21.01,0.0058
342,42,6.53,31.25,1008.7,996.8,1023.6,5.68,5.7,21.1,0.0058
343,42,7.33,34.01,1008.9,999.3,1016.5,5.65,6.5,21.1,0.0058
344,42,6.79,33.3,1002.2,992.7,1011.1,5.63,6.5,21.09,0.0058
345,42,6.91,32.97,1000.1,991.3,1007.9,5.62,6.5,21.09,0.0058
346,42,7.68,33.43,1007.3,993.4,1016.9,5.66,6.3,21.09,0.0058
347,42,7.89,32.99,1007.8,999.9,1017.3,5.66,6.3,21.09,0.0058
348,42,7.67,32.45,1003.5,993,1013.9,5.65,6.5,21.09,0.0058
349,42,7.72,32.73,1005.2,996.2,1017,5.65,6.3,21.09,0.0058
350,42,7.87,32.53,1005.1,995.5,1015.7,5.65,6.2,21.09,0.0058
351,42,7.51,33.01,1005.4,991.3,1023.6,5.65,6.3,21.1,0.0058
352,7,9.04,41.43,1002.1,987.4,1012.9,5.67,5.3,21.11,0.0066
353,7,8.39,40.84,1004.1,992.5,1013.1,5.66,5.9,21.11,0.0066
354,7,12.18,40.14,1002.5,986,1011,5.65,5.8,21.1,0.0066
355,7,11.78,39.92,1000.2,988.4,1008.3,5.64,5.8,21.11,0.0066
356,7,11.62,39.52,1002.8,992.9,1013.4,5.65,5.8,21.1,0.0066
357,7,12.03,40.73,999,989.6,1009.5,5.63,5.8,21.1,0.0066
358,7,11.79,40.15,1002.6,993.4,1011.8,5.64,6,21.11,0.0066
359,7,12.36,41.1,1005.2,995.3,1015.7,5.66,5.8,21.11,0.0066
360,7,12.47,41.32,1006.3,997,1014.9,5.66,5.8,21.11,0.0066
361,7,12.34,41.17,1007.3,998.6,1018.9,5.67,6,21.11,0.0066
362,7,10.29,41.36,1004.2,990.9,1018.1,5.66,5.8,21.11,0.0066
363,7,10.05,41.15,1004.8,993.8,1016.9,5.65,5.8,21.11,0.0066
364,7,11.41,40.33,1003.4,986,1018.9,5.65,5.8,21.11,0.0066
365,7,7.76,34.28,1005,997,1017.3,5.65,5.5,21.12,0.0066
366,7,8.13,36.38,1006.6,999.3,1016.5,5.65,6,21.11,0.0066
367,7,11.25,35.35,1002.6,995,1011.9,5.63,6,21.11,0.0066
368,7,11.28,35.7,1002,994.8,1010.4,5.61,6.2,21.11,0.0066
369,7,10.53,34.07,1005.5,996,1015.1,5.63,6.1,21.11,0.0066
370,7,10.33,33.58,999.7,991.5,1008.3,5.61,6.1,21.11,0.0066
371,7,11.25,35.49,999.6,990.8,1007.3,5.61,5.9,21.11,0.0066
372,7,11.75,36.57,1006.4,998.7,1012.6,5.64,6.2,21.11,0.0066
373,7,11.76,36.52,1005.3,994.5,1013.5,5.64,6.2,21.11,0.0066
374,7,11.34,35.64,1008.5,1002.8,1016.1,5.66,6.6,21.11,0.0066
375,7,9.89,36,1006.6,999.1,1013.8,5.64,6.3,21.11,0.0066
376,7,9.87,35.99,1001,993.2,1008.9,5.62,6.3,21.11,0.0066
377,7,10.72,35.36,1004.1,990.8,1017.3,5.63,6.1,21.11,0.0066
378,8,6.57,36.12,1004.8,990.3,1016.5,5.7,4.5,21.11,0.0065
379,8,6.87,38.83,1005.6,992.8,1019.6,5.7,4.5,21.11,0.0065
380,8,7.07,40.25,1008.6,991.9,1022.1,5.7,4.8,21.11,0.0065
381,8,7.05,39.96,1007.4,994.2,1022.9,5.7,5.3,21.1,0.0065
382,8,6.85,39.59,1006.1,991,1016.2,5.69,5.9,21.1,0.0065
383,8,6.9,40.12,1002.3,985.8,1014.3,5.68,6.2,21.1,0.0065
384,8,6.95,40.33,999.9,985.8,1012.4,5.67,6,21.1,0.0065
385,8,6.93,39.47,1005,985.8,1022.9,5.69,5.3,21.11,0.0065
386,8,8.01,35.69,1007.6,986.2,1022.3,5.71,4.4,21.1,0.0065
387,8,8.22,36.48,1013.8,1000.1,1023,5.71,4.5,21.1,0.0065
388,8,8.21,36.11,1015.8,1004.3,1025,5.72,4.8,21.1,0.0065
389,8,8.04,35.81,1010.3,994.6,1021,5.71,5.3,21.1,0.0065
390,8,8.3,36.33,1007.1,992.8,1017.2,5.7,5.5,21.1,0.0065
391,8,8.29,36.78,1006.8,981.9,1018.8,5.69,6.3,21.09,0.0065
392,8,7.95,35.36,1003.5,983,1017.6,5.68,6.1,21.1,0.0065
393,8,8.12,35.93,1009.3,981.9,1025,5.7,5.3,21.1,0.0065
394,9,7.94,39.91,1004.6,983.2,1019.1,5.74,4.6,21.1,0.0066
395,9,7.44,40,998.6,988.1,1009.9,5.72,4.4,21.11,0.0066
396,9,7.27,41.92,1009.3,997.9,1018.6,5.71,5.1,21.1,0.0066
397,9,16.42,48.59,1006.4,993.2,1015.7,5.66,6.4,21.1,0.0066
398,9,19.02,48.81,1006.5,996.8,1014.3,5.65,6.7,21.09,0.0066
399,9,18.17,48.54,1004,994.7,1009.5,5.64,6.7,21.1,0.0066
400,9,17.74,48.29,1008.1,996.1,1016.7,5.65,6.9,21.09,0.0066
401,9,17.93,48.5,1005.5,994,1013.8,5.65,6.5,21.1,0.0066
402,9,17.3,50.53,1006.3,997.4,1015.2,5.64,6.5,21.1,0.0066
403,9,17.47,50.81,1004.9,993.5,1011,5.63,6.7,21.09,0.0066
404,9,17.41,51.01,1003.9,991,1011.9,5.63,6.6,21.09,0.0066
405,9,17.22,51.25,1005.7,994.1,1016.1,5.63,6.6,21.1,0.0066
406,9,16.65,50.49,1004,991.2,1009.3,5.61,6.5,21.1,0.0066
407,9,17.38,51.01,1004.3,997.5,1014,5.62,6.7,21.11,0.0066
408,9,14.4,46.62,1005.1,983.2,1019.1,5.66,6.2,21.1,0.0066
409,9,8.99,38.12,1010.1,989.8,1020.1,5.76,4.6,21.11,0.0066
410,9,8.78,38.17,1006.1,990.1,1015.5,5.72,4.8,21.12,0.0066
411,9,8.35,38.05,1006.5,1000.7,1015.2,5.69,5.1,21.11,0.0066
412,9,14.13,54.68,1021.3,1010.7,1029.4,5.69,6.4,21.11,0.0066
413,9,19.36,50.86,1011.8,1003.6,1017.9,5.64,6.9,21.1,0.0066
414,9,17.14,59.64,1003,997.7,1008.3,5.58,6.9,21.1,0.0066
415,9,21.78,61.87,1007.1,1000.4,1012.1,5.61,7.1,21.1,0.0066
416,9,21.6,61.38,1005.7,997.8,1011.3,5.61,6.7,21.1,0.0066
417,9,21.78,61.4,1006.9,1001.4,1014.1,5.6,6.6,21.1,0.0066
418,9,21.72,61.67,1004.9,1000.5,1012.9,5.61,6.9,21.1,0.0066
419,9,21.59,61.82,1010.4,999.3,1016.4,5.61,6.8,21.1,0.0066
420,9,21.7,61.66,1006.2,1000.6,1012.8,5.61,6.7,21.1,0.0066
421,9,21.92,62.02,1009.4,1003.6,1014.2,5.62,6.6,21.1,0.0066
422,9,21.6,61.49,1008.1,1000.8,1014.7,5.6,6.7,21.1,0.0066
423,9,16.7,53.29,1008.4,989.8,1029.4,5.64,6.3,21.1,0.0066
424,10,9.49,52.1,1006.2,997.1,1015.6,5.63,7.4,21.11,0.0075
425,10,10.69,52.47,1006.3,996.3,1013.6,5.64,7.3,21.11,0.0075
426,10,10.08,50.98,1003.2,995.2,1010.8,5.62,7.5,21.11,0.0075
427,10,11.2,53.38,1004.9,995.4,1013.4,5.64,7.6,21.11,0.0075
428,10,10.83,52.93,1007.9,995.8,1015.9,5.65,7.5,21.11,0.0075
429,10,10.76,52.84,1004.3,995.3,1014.4,5.65,7,21.11,0.0075
430,10,8.91,50.67,1003.5,992.1,1009.5,5.65,6.8,21.11,0.0075
431,10,9.29,51.76,1006.8,993.8,1021.1,5.66,6.9,21.11,0.0075
432,10,8.22,49.16,1003.8,990.4,1011.3,5.65,7,21.11,0.0075
433,10,8.88,51.15,1000.6,986.4,1008.8,5.63,6.9,21.11,0.0075
434,10,9.39,52.36,1006.8,993.1,1014.9,5.66,6.7,21.11,0.0075
435,10,9.61,52.27,1004.1,992.7,1012.3,5.65,6.6,21.11,0.0075
436,10,9.54,52.16,1006.9,996.5,1015.5,5.66,6.8,21.11,0.0075
437,10,9.97,53.38,1006.3,996.6,1014.3,5.66,6.8,21.11,0.0075
438,10,9.69,51.85,1005.1,986.4,1021.1,5.65,7.1,21.11,0.0075
439,10,11.02,49.98,1008.1,997.4,1015.7,5.64,7.3,21.1,0.0075
440,10,10.59,49.08,1008.8,1000,1017.7,5.64,7.6,21.1,0.0075
441,10,10.64,48.94,1004.8,999.5,1009.7,5.63,7.3,21.1,0.0075
442,10,10.38,54.43,1002.6,994.7,1011.3,5.6,7.5,21.1,0.0075
443,10,10.9,55.92,1008.4,1002.9,1015.8,5.64,7.5,21.1,0.0075
444,10,10.59,54.91,1002.8,995.7,1010.5,5.63,6.9,21.1,0.0075
445,10,9.22,64.39,1006.4,998.2,1016.2,5.64,7,21.1,0.0075
446,10,8.92,63.6,1004.3,998.8,1011.6,5.63,7.2,21.1,0.0075
447,10,9.47,65.39,1004.9,996.7,1013.1,5.64,6.7,21.1,0.0075
448,10,9.04,64.26,997.3,988.5,1005.7,5.6,6.9,21.1,0.0075
449,10,8.8,63.53,997.9,990.6,1004.2,5.61,6.8,21.1,0.0075
450,10,9.09,63.75,997.2,989.9,1004.5,5.61,6.3,21.1,0.0075
451,10,8.87,63.3,998.9,993.3,1005,5.61,6.8,21.1,0.0075
452,10,9.12,64.42,997,987.1,1003.2,5.6,6.7,21.1,0.0075
453,10,9.54,59.83,1002.8,987.1,1017.7,5.62,7,21.1,0.0075
454,11,8.56,50.16,1013,1001.8,1020.2,5.65,8.8,21.1,0.0059
455,11,10.12,41.24,1010.6,999,1020.2,5.67,8,21.1,0.0059
456,11,10.18,41.56,1007.5,1001.7,1012.9,5.66,7.5,21.11,0.0059
457,11,12.15,41.26,1006.2,998.4,1012.7,5.66,7,21.11,0.0059
458,11,12.28,41.79,1004.7,994.7,1011.6,5.65,7.2,21.11,0.0059
459,11,11.9,41.25,1003.7,992.9,1013.8,5.65,7.2,21.1,0.0059
460,11,12.06,41.62,997.1,984.7,1004.9,5.63,7.2,21.1,0.0059
461,11,12.4,42.22,1005.8,998.1,1013.6,5.66,7.2,21.1,0.0059
462,11,12.07,41.92,996.1,988.2,1011.8,5.62,7.1,21.1,0.0059
463,11,11.9,42.45,1005,984.7,1020.2,5.65,7.5,21.1,0.0059
464,11,9.4,58.47,1002.4,995.2,1011.2,5.6,8.1,21.1,0.0059
465,11,9.93,53.6,999.2,993.2,1006.2,5.59,8.1,21.1,0.0059
466,11,11.6,47.59,1014.9,1007.8,1021.5,5.66,8.3,21.1,0.0059
467,11,11.72,48.12,1006.6,997.8,1014.2,5.63,7.8,21.1,0.0059
468,11,11.93,48.86,1002.6,995.4,1010.9,5.6,7.7,21.1,0.0059
469,11,11.74,48.62,997.6,993.4,1003.1,5.59,7.8,21.1,0.0059
470,11,11.7,48.68,1002.6,994.6,1012.7,5.6,7.6,21.1,0.0059
471,11,11.63,48.76,1003.1,993,1013.3,5.6,7.9,21.1,0.0059
472,11,11.76,49.02,999,992.9,1023.2,5.59,7.7,21.1,0.0059
473,11,11.38,49.2,1003.1,992.9,1023.2,5.61,7.9,21.1,0.0059
474,48,4.69,30.46,1004.4,991.6,1018.3,5.67,7.3,21.11,0.004
475,48,4.46,29.84,1000.6,981.8,1022.3,5.66,7.1,21.1,0.004
476,48,4.4,29.7,994,980.2,1013.4,5.63,7,21.1,0.004
477,48,4.49,29.28,992.5,973.5,1016.5,5.64,7.2,21.1,0.004
478,48,4.53,29.26,998,983.8,1025.8,5.65,7.1,21.1,0.004
479,48,4.5,28.67,996.3,984,1017.1,5.64,7.1,21.1,0.004
480,48,4.52,29.42,997.6,973.5,1025.8,5.65,7.1,21.1,0.004
481,48,5.27,28.37,996.7,976.5,1014,5.64,7.1,21.11,0.004
482,48,5.32,28.52,993.9,970.3,1008.8,5.63,7,21.11,0.004
483,48,5.26,27.24,994.7,982.2,1013.5,5.65,7.1,21.11,0.004
484,48,5.61,27.44,1000,982.8,1020.4,5.66,7.4,21.11,0.004
485,48,5.31,26.82,996.5,980.4,1021,5.65,7.1,21.11,0.004
486,48,5.46,27.34,998.9,982.4,1018.9,5.66,7,21.11,0.004
487,48,5.33,27.33,996.8,970.3,1021,5.65,7.1,21.11,0.004
488,54,10.5,62.8,1007.5,984.8,1033.6,5.62,6.7,21.09,0.0041
489,54,10.3,63.5,1001.5,978.2,1028.2,5.59,7,21.09,0.0041
490,54,10.7,66.2,998.5,977.1,1017.1,5.59,6.7,21.09,0.0041
491,54,10.7,66.8,1000.7,987.3,1016.6,5.6,7,21.09,0.0041
492,54,11.1,67,1000,981.7,1025.7,5.59,6.9,21.09,0.0041
493,54,11.4,66.4,1009.2,990.5,1024.7,5.63,6.9,21.08,0.0041
494,54,11.7,67.6,1003.1,988.2,1019.2,5.6,7,21.08,0.0041
495,54,11.3,67.4,992.4,976.4,1010.1,5.56,6.7,21.08,0.0041
496,54,13.8,76.9,1004,986.8,1021.8,5.61,7,21.08,0.0041
497,54,12.7,71,996.2,977.1,1014.8,5.6,6.1,21.08,0.0041
498,54,12.9,74.4,992.5,974.2,1016.6,5.57,6.9,21.08,0.0041
499,54,12.7,74.3,988.7,972.9,1009.2,5.55,6.8,21.08,0.0041
500,54,12.7,76.1,997.5,976.7,1021,5.6,6.9,21.08,0.0041
501,54,12.6,76,996.1,977.2,1015.7,5.59,6.9,21.07,0.0041
502,54,12.5,73.1,1008,991.7,1030.7,5.64,7,21.08,0.0041
503,54,11.9,72.1,993.1,976,1022.6,5.57,6.8,21.08,0.0041
504,54,13.9,77.6,1019.5,994.6,1041.8,5.69,7.3,21.07,0.0041
505,54,12.8,74.8,1002.7,987.9,1022.2,5.62,7.1,21.07,0.0041
506,54,12.9,74.5,1009.4,993.2,1027.9,5.65,7,21.07,0.0041
507,54,12.8,72.9,1004.4,986,1027.4,5.62,6.9,21.08,0.0041
508,54,12.6,73,1000.5,986.3,1017.4,5.61,6.8,21.08,0.0041
509,54,12.5,71.3,1007.7,995,1022.5,5.64,7.1,21.07,0.0041
510,54,12,70.5,1001.5,972.9,1041.8,5.61,6.9,21.08,0.0041
511,59,3.6,20.9,989.6,971.6,1009.9,5.64,7.7,21.1,0.003
512,59,3.8,23.1,991.4,980,1006.1,5.62,8.2,21.1,0.003
513,59,4,24.7,989.5,974.3,1003.9,5.61,8.1,21.1,0.003
514,59,3.9,23.9,989.3,973,1006.2,5.61,8,21.1,0.003
515,59,4.1,25.7,984.2,969.6,996.1,5.58,8,21.09,0.003
516,59,4.1,26.5,994,971.5,1013.4,5.62,8.3,21.1,0.003
517,59,4.5,27.4,990.5,978.2,1007.1,5.59,8.5,21.1,0.003
518,59,4.5,27.8,997.6,976.3,1012.8,5.62,8.7,21.1,0.003
519,59,4.7,29.1,990.4,974.8,1006.1,5.59,8.7,21.09,0.003
520,59,4.9,30.2,1001.6,989.1,1019.6,5.63,8.8,21.09,0.003
521,59,4.9,31.1,995.1,977.4,1019.8,5.6,8.9,21.09,0.003
522,59,5,30.9,999.1,984.6,1011.3,5.63,9.2,21.1,0.003
523,59,5,31.1,997.5,975.2,1014.1,5.61,9.3,21.1,0.003
524,59,4.9,31.1,987.2,970.1,1001.9,5.58,8.7,21.09,0.003
525,59,4.9,33.6,999,982.8,1021.3,5.62,9.1,21.09,0.003
526,59,4.9,33.7,1001,988.6,1017.8,5.63,9,21.09,0.003
527,59,4.9,33.8,1001.4,991.3,1016.9,5.62,9.3,21.09,0.003
528,59,5.1,34.7,995,977.8,1008.2,5.6,9.1,21.09,0.003
529,59,4.7,29.7,994.1,969.6,1021.3,5.61,8.6,21.09,0.003
530,39,5.16,25.59,999.7,991.4,1013.1,5.59,12,21.08,0.0036
531,39,4.92,27.29,1006.7,994.4,1013.1,5.62,11.8,21.08,0.0036
532,39,4.97,27.22,995.7,985.8,1014,5.58,11.7,21.08,0.0036
533,39,4.76,27.74,1004.6,993.3,1018,5.61,11.1,21.08,0.0036
534,39,4.63,25.88,1003.1,987,1019.7,5.59,11.6,21.08,0.0036
535,39,4.71,27.2,994.1,975.7,1007,5.56,11.1,21.08,0.0036
536,39,4.85,26.54,999.3,985.5,1013.1,5.59,11,21.08,0.0036
537,39,4.83,26.53,1011.4,1000.4,1024.3,5.62,11.5,21.09,0.0036
538,39,4.64,27.08,1000,987.7,1009.5,5.58,11.1,21.08,0.0036
539,39,4.79,26.92,1001.6,975.7,1024.3,5.59,11.4,21.08,0.0036
540,39,5.32,26.46,1014.9,998.7,1020.8,5.65,12.1,21.08,0.0036
541,39,4.39,26.72,1000.2,989.5,1014.5,5.6,11.1,21.08,0.0036
542,39,4.48,26.39,1006.3,996,1016.4,5.62,11.5,21.08,0.0036
543,39,4.2,26.11,997.8,984.8,1007.9,5.59,11.1,21.08,0.0036
544,39,4.31,27.01,1019.6,998.1,1029,5.66,12.1,21.08,0.0036
545,39,4.17,26.7,989.1,982.4,999.2,5.55,11,21.07,0.0036
546,39,4.25,26.61,994.6,982,1015,5.56,11.3,21.08,0.0036
547,39,4.44,26.95,1009.3,1001.4,1023.8,5.63,11.4,21.08,0.0036
548,39,4.34,26.96,1012.7,995.5,1024.8,5.64,11.5,21.08,0.0036
549,39,4.07,27.09,1000.4,990.2,1014.7,5.59,11,21.07,0.0036
550,39,4.3,26.68,1004.5,982,1029,5.61,11.4,21.08,0.0036
551,3,5.67,28.53,992.2,979,1004.4,5.62,7,21.12,0.0047
552,3,5.84,28.75,999.5,989.8,1011.7,5.65,7.1,21.12,0.0047
553,3,5.89,28.53,994.1,979.6,1015.4,5.63,7.2,21.12,0.0047
554,3,5.19,25.53,1003.9,992.8,1024,5.67,7.3,21.12,0.0047
555,3,5.87,28.74,989.2,969.4,1006.1,5.61,7.4,21.12,0.0047
556,3,5.9,29.03,1001.3,987.2,1019.2,5.67,8,21.12,0.0047
557,3,5.69,28.85,1003.7,991.8,1018.6,5.67,7,21.12,0.0047
558,3,5.92,26.71,995.3,978.1,1016.9,5.64,7.3,21.12,0.0047
559,3,5.66,25.82,990.3,978.3,1024.2,5.62,6.7,21.12,0.0047
560,3,7.07,29.67,999.3,983.8,1017.2,5.65,7,21.12,0.0047
561,3,6.2,28.89,996.9,969.4,1024.2,5.64,7.2,21.12,0.0047
562,3,5.93,26.91,1004.3,993.1,1016.2,5.7,7.1,21.11,0.0047
563,3,6.18,28.93,995.6,984.2,1009.9,5.66,7,21.11,0.0047
564,3,5.55,25.89,1002.4,990.7,1017.7,5.69,7.4,21.11,0.0047
565,3,6.19,28.76,999.8,981.3,1013.4,5.68,7.1,21.11,0.0047
566,3,5.6,26.09,992.6,977.5,1012.6,5.66,7.2,21.11,0.0047
567,3,6.04,27.03,996.1,980.5,1011.2,5.67,7.1,21.11,0.0047
568,3,6.42,28.77,996.1,982.8,1014.9,5.67,6.8,21.11,0.0047
569,3,6.12,28.66,996.3,975.6,1015.5,5.67,7.2,21.11,0.0047
570,3,6.21,28.21,993.7,976,1009.2,5.66,6.9,21.11,0.0047
571,3,6.36,28.95,997.5,980.6,1012.3,5.66,7.1,21.11,0.0047
572,3,6.24,28.56,997.4,975.6,1017.7,5.67,7.1,21.11,0.0047
573,57,3.9,28.1,1018.6,1012.5,1031.2,5.7,9.3,21.02,0.0033
574,57,3.9,28.3,995.8,976.3,1014.7,5.64,7.3,21.04,0.0033
575,57,3.8,27.6,996.9,976.3,1010,5.63,7.7,21.04,0.0033
576,57,4,29,995.3,969.7,1008.5,5.62,7.5,21.04,0.0033
577,57,3.9,28.5,994.1,977,1013.7,5.62,7.3,21.04,0.0033
578,57,4,29.7,986.6,971.6,1007,5.58,7.2,21.04,0.0033
579,57,4.2,31.6,999.7,982.7,1010.1,5.63,7.6,21.04,0.0033
580,57,4.2,31,997.4,974.2,1019.2,5.63,7.5,21.04,0.0033
581,57,4.1,30.6,997.8,973.1,1016.5,5.62,7.5,21.04,0.0033
582,57,4.2,31.2,995.8,979,1011.2,5.62,7.8,21.04,0.0033
583,57,4.1,30.7,1000.4,983.9,1013,5.63,7.5,21.04,0.0033
584,57,4.1,31.2,1001.6,985.7,1017.5,5.63,7.6,21.04,0.0033
585,57,4.1,31.6,996.4,974.1,1013.6,5.61,7.7,21.04,0.0033
586,57,4.2,31.8,999.2,978.3,1016.1,5.63,7.4,21.03,0.0033
587,57,4.2,31.8,993,973.2,1009,5.59,7.8,21.04,0.0033
588,57,4.2,31.6,995.4,981.3,1014,5.59,7.9,21.05,0.0033
589,57,4.2,32.5,993.5,980.8,1011,5.59,8,21.04,0.0033
590,57,4.2,30.7,997.5,969.7,1031.2,5.62,7.7,21.04,0.0033
591,58,4.6,23.2,1005.9,987.1,1020.4,5.67,8.4,21.08,0.0033
592,58,4.3,23.9,995.9,982.6,1025.2,5.61,8.2,21.08,0.0033
593,58,4.6,25.7,1004,989.3,1024.1,5.63,8.6,21.08,0.0033
594,58,4.5,25.3,999.5,980.6,1016.3,5.61,8.5,21.08,0.0033
595,58,4.5,25.4,1001.1,982.9,1016.3,5.63,8.7,21.07,0.0033
596,58,4.6,26.6,1001.7,986.6,1019.4,5.62,8.5,21.08,0.0033
597,58,4.4,25.9,1001.6,987.6,1018.4,5.61,8.6,21.08,0.0033
598,58,4.6,26.4,1000.8,979.3,1016.3,5.61,8.6,21.07,0.0033
599,58,4.5,26.2,1000.5,985.5,1018.3,5.6,8.6,21.08,0.0033
600,58,4.6,27,1007.6,993,1024.1,5.63,8.9,21.07,0.0033
601,58,4.6,27.2,1002.5,986.5,1017.9,5.62,8.7,21.08,0.0033
602,58,4.5,26.7,999.4,977.4,1016.8,5.6,8.7,21.08,0.0033
603,58,4.4,26.1,999.3,982,1017.9,5.59,8.7,21.08,0.0033
604,58,4.6,27.3,1000.2,984.2,1019.8,5.6,9,21.07,0.0033
605,58,4.7,27.8,1001.9,980.7,1024.6,5.61,8.8,21.07,0.0033
606,58,4.6,27,1000,982.2,1013.8,5.59,9.4,21.08,0.0033
607,58,4.6,26.3,1001.4,977.4,1025.2,5.61,8.7,21.08,0.0033
608,60,4.9,20.8,1002.9,991.3,1023.2,5.66,6.2,21.09,0.0035
609,60,5,20.9,1001.1,981.4,1015.5,5.66,6,21.1,0.0035
610,60,6,20.9,996.3,988.9,1016.5,5.64,5.8,21.09,0.0035
611,60,6.2,21.7,1002.6,993.3,1016.2,5.65,6.3,21.09,0.0035
612,60,6.2,21.7,1002.6,979.6,1016.9,5.66,6.3,21.1,0.0035
613,60,6.6,22.8,1007.6,989.4,1023,5.67,6.6,21.09,0.0035
614,60,6.5,22.4,1004.7,993.4,1021.6,5.65,6.6,21.1,0.0035
615,60,6.4,22.1,1004,990.6,1015.8,5.65,6.4,21.09,0.0035
616,60,6.6,22.8,1000.6,988.9,1010.5,5.64,6.3,21.09,0.0035
617,60,6.4,22.2,1004.8,997,1014.7,5.65,6.4,21.1,0.0035
618,60,6.6,22.8,1004.7,993,1018.8,5.65,6.5,21.09,0.0035
619,60,6.6,22.9,1000.7,988.7,1016.3,5.64,6.3,21.09,0.0035
620,60,6.8,23.5,1005.4,987.8,1022.5,5.66,6.2,21.09,0.0035
621,60,6.8,23.2,1013.7,1002.6,1026,5.69,6.7,21.09,0.0035
622,60,6.7,23.5,1008.8,994.3,1028.8,5.67,6.4,21.09,0.0035
623,60,6.6,23,1004.3,990.6,1018.3,5.66,6.1,21.09,0.0035
624,60,7.2,25.1,1009.8,996,1021.9,5.67,6.2,21.09,0.0035
625,60,6.5,22.7,1004.4,979.6,1028.8,5.66,6.3,21.09,0.0035
626,40,3.98,23.69,1010.3,999.6,1018.1,5.66,11.3,21.11,0.0026
627,40,4.37,25.59,1002.1,976.5,1020.5,5.63,10.9,21.12,0.0026
628,40,3.71,22.89,997.8,975.1,1011,5.62,11.2,21.11,0.0026
629,40,3.9,24.77,1002.7,991,1011.7,5.63,11,21.11,0.0026
630,40,3.81,24.37,995.3,990.6,1003,5.61,11.3,21.11,0.0026
631,40,3.93,25.23,996.4,982.4,1003.4,5.6,10.9,21.11,0.0026
632,40,3.93,25.04,1000.5,993.9,1007.4,5.62,11.2,21.11,0.0026
633,40,3.99,24.81,1000.7,975.1,1020.5,5.62,11.1,21.11,0.0026
634,40,3.98,25.03,993.2,988.2,999,5.6,11.1,21.08,0.0026
635,40,4.09,26.8,1000.1,985.7,1006.3,5.62,11.3,21.08,0.0026
636,40,4.24,28.34,996.1,987.9,1007.3,5.59,12.4,21.08,0.0026
637,40,4.22,28.8,1000.4,993.8,1009.8,5.6,11.6,21.07,0.0026
638,40,4.14,27.17,994.6,990.9,1001.4,5.58,11.7,21.07,0.0026
639,40,4.19,27.69,988.1,974.7,996.7,5.58,11.1,21.08,0.0026
640,40,4.46,30.23,998.5,985,1006.4,5.59,11.8,21.07,0.0026
641,40,4.18,27.74,995.9,974.7,1009.8,5.59,11.6,21.08,0.0026
642,6,5.86,21.47,1001.3,975.2,1016.5,5.72,6,21.12,0.0033
643,6,5.97,22.03,997.4,978.3,1008.4,5.7,5.8,21.12,0.0033
644,6,5.77,21.62,1009.2,995.9,1023.2,5.73,6.1,21.12,0.0033
645,6,5.8,21.77,998.8,980.5,1014,5.71,5.8,21.12,0.0033
646,6,6.31,23.58,1004.4,984.9,1019.7,5.71,6.3,21.12,0.0033
647,6,6.61,24.7,1005.3,987.6,1018.2,5.7,6,21.12,0.0033
648,6,6.48,24.34,1004.5,981.9,1018.1,5.71,6,21.12,0.0033
649,6,6.11,22.66,1003,975.2,1023.2,5.71,6,21.12,0.0033
650,6,5.66,16.04,1000.3,970,1011.7,5.74,5.1,21.13,0.0033
651,6,5.62,15.84,999.2,971.4,1013.7,5.73,5.2,21.13,0.0033
652,6,6.61,18.29,1010.7,989.6,1021.9,5.76,5.5,21.13,0.0033
653,6,6.18,17.45,1001.8,978.4,1015,5.74,5.3,21.13,0.0033
654,6,6.53,18.27,1003.9,980.3,1017.1,5.73,5.5,21.13,0.0033
655,6,7.04,19.5,1009.8,985.3,1027.5,5.75,5.6,21.12,0.0033
656,6,6.52,18.55,1000.5,979.5,1019.5,5.72,5.4,21.12,0.0033
657,6,6.19,17.3,1003.7,970,1027.5,5.74,5.4,21.13,0.0033
658,22,9.93,20.33,999,981.3,1014.7,5.68,5.7,21.11,0.0038
659,22,10.45,20.64,998,986.8,1018.4,5.68,5.7,21.11,0.0038
660,22,10.54,20.89,993.4,975,1017.8,5.66,5.8,21.11,0.0038
661,22,8.88,18.78,1003.9,990.7,1019.5,5.69,6,21.1,0.0038
662,22,9.29,19.22,991.3,971.4,1012.4,5.65,5.9,21.1,0.0038
663,22,10.5,20.78,999.6,980.3,1012.7,5.68,6,21.11,0.0038
664,22,10.4,20.69,997.5,971.4,1019.5,5.67,5.9,21.11,0.0038
665,22,11.21,26.02,1006,978.3,1023.1,5.69,6.8,20.98,0.0038
666,22,11.54,26.84,1013.6,994.3,1029.6,5.71,6.7,20.98,0.0038
667,22,11.11,26.09,1001.9,979.6,1021.8,5.66,6.7,20.98,0.0038
668,22,10.89,25.63,1002.3,985.6,1025.3,5.65,6.7,20.98,0.0038
669,22,11.28,26.44,998.7,977.3,1018.5,5.64,6.7,20.98,0.0038
670,22,11.86,27.51,1000.6,982,1017.2,5.64,6.8,20.98,0.0038
671,22,11.45,26.7,1003.8,977.3,1029.6,5.67,6.7,20.98,0.0038
672,23,3.18,30.28,1014,993.9,1025.8,5.72,8.3,21.11,0.0037
673,23,2.91,29.37,997.4,977.6,1010.1,5.67,8.1,21.11,0.0037
674,23,2.22,28.29,999.7,978.4,1011.9,5.67,7.8,21.11,0.0037
675,23,2.31,28.82,998.3,979.5,1011.2,5.66,8,21.11,0.0037
676,23,2.58,29.24,996.9,978.5,1013.9,5.66,7.9,21.11,0.0037
677,23,2.57,28.84,997.4,978.5,1014.4,5.67,7.6,21.11,0.0037
678,23,2.56,28.55,1000.6,977.6,1025.8,5.68,7.9,21.11,0.0037
679,23,4.91,30.57,994.9,971.1,1008.2,5.64,7.7,20.98,0.0037
680,23,4.36,30.34,991.1,975.3,1009.2,5.63,7.6,20.99,0.0037
681,23,4.19,29.84,991.7,970.7,1008.9,5.64,7.5,20.98,0.0037
682,23,4.37,29.74,994.3,972.1,1013,5.65,7.9,20.98,0.0037
683,23,4.2,30.59,1004.6,984.8,1023.3,5.69,7.8,20.98,0.0037
684,23,4.12,29.02,1008.1,983.6,1026.4,5.71,8.1,20.98,0.0037
685,23,4.22,30.01,997.4,970.7,1026.4,5.66,7.8,20.98,0.0037
686,24,9.97,32.31,1000,986,1010.3,5.65,7.5,21.1,0.0026
687,24,10.18,32.84,998.6,978.5,1012.3,5.64,7.4,21.1,0.0026
688,24,11.71,33.04,1004,983,1014.5,5.66,7.4,21.1,0.0026
689,24,11.13,32.62,1002.3,978.1,1019,5.65,7.4,21.1,0.0026
690,24,11,32.72,997.1,978.2,1013.2,5.64,6.9,21.1,0.0026
691,24,11.36,33.25,992,969.7,1011,5.61,7.3,21.1,0.0026
692,24,10.83,32.81,999,969.7,1019,5.64,7.3,21.1,0.0026
693,24,9.53,32.53,998.7,980.1,1012.4,5.64,7.4,20.98,0.0026
694,24,8.97,31.45,995,976.2,1015.3,5.62,7.6,20.97,0.0026
695,24,9.55,32.9,1000.1,982.1,1024.3,5.63,7.9,20.97,0.0026
696,24,10.32,35,992.2,969.8,1011.2,5.6,7.8,20.98,0.0026
697,24,10.17,34.45,995.1,976.1,1013.2,5.6,8.1,20.98,0.0026
698,24,10.29,34.5,998.5,978.3,1019.1,5.61,7.9,20.97,0.0026
699,24,9.81,33.64,996.6,969.8,1024.3,5.62,7.8,20.97,0.0026
700,25,8.18,32.52,1017.2,997,1029.7,5.75,6.5,21.11,0.0065
701,25,7.23,33.85,1002.1,988.3,1015.5,5.69,6.2,21.11,0.0065
702,25,6.28,32.19,995.6,975.8,1006.7,5.67,6.1,21.11,0.0065
703,25,6.58,33.18,1000.8,979.7,1012.9,5.68,6.2,21.11,0.0065
704,25,6.75,33.4,996.1,975.3,1012.4,5.66,5.9,21.11,0.0065
705,25,6.8,33.02,1002.3,975.3,1029.7,5.69,6.2,21.11,0.0065
706,25,8.69,37.04,1010.4,985.1,1024.8,5.71,6.6,20.98,0.0065
707,25,7.93,35.31,1008.2,988.4,1023,5.71,6.5,20.98,0.0065
708,25,7.8,35.46,998.4,975.4,1013.8,5.66,6.5,20.98,0.0065
709,25,7.51,34.95,990.1,972.1,1004.7,5.62,6.4,20.98,0.0065
710,25,7.41,34.46,1000.5,975.6,1026.8,5.64,7.7,20.98,0.0065
711,25,7.78,35.05,1001.5,972.1,1026.8,5.67,6.7,20.98,0.0065
712,26,8.84,27.04,1004.7,988,1016.7,5.69,5.7,21.11,0.0058
713,26,7.5,27.06,1004.6,987.1,1017.1,5.68,5.7,21.12,0.0058
714,26,7.92,29.3,1005.9,982.8,1019.3,5.69,5.5,21.11,0.0058
715,26,8.18,30.11,1006.5,994.1,1018.3,5.68,5.5,21.12,0.0058
716,26,8.26,30.59,1005.8,991.3,1021.7,5.68,5.7,21.12,0.0058
717,26,8.69,30.56,1000.6,981.9,1015.6,5.67,5.3,21.12,0.0058
718,26,7.85,28.6,1004.7,981.9,1021.7,5.68,5.6,21.12,0.0058
719,26,6.43,31.72,1001.6,984.6,1019.6,5.67,6,20.98,0.0058
720,26,6.35,32.16,1005.7,989.6,1021.6,5.7,5.8,20.98,0.0058
721,26,6.47,32.86,1002.4,979.5,1018.9,5.68,6,20.98,0.0058
722,26,6.44,33.36,998.4,976.8,1015.3,5.65,6.1,20.99,0.0058
723,26,6.69,33.55,1004.5,982.2,1019.4,5.68,6.4,20.98,0.0058
724,26,6.36,32.23,1003.8,978.4,1019.3,5.68,6.3,20.98,0.0058
725,26,6.3,32.15,1002.7,976.8,1021.6,5.68,6.1,20.98,0.0058
726,43,5.16,26.59,1005.4,994.9,1015,5.74,6.6,21.02,0.0051
727,43,5.4,28.92,998,983.9,1009.7,5.7,6,21.02,0.0051
728,43,5.54,29.32,1004,991.1,1016.5,5.71,6.8,21.02,0.0051
729,43,4.97,28.71,994.8,981.4,1005.5,5.67,7.2,21.02,0.0051
730,43,5.26,28.73,1000.8,977.6,1016.6,5.69,7.3,21.02,0.0051
731,43,5.45,28.83,1003.5,981.9,1019.8,5.7,7.4,21.02,0.0051
732,43,5.31,28.93,1001.1,977.6,1019.8,5.7,6.9,21.02,0.0051
733,43,5.1,24.84,1008.9,995.7,1019.8,5.76,6.7,21.1,0.0051
734,43,4.99,26.14,1006.4,996.2,1015.9,5.73,6.2,21.1,0.0051
735,43,5.1,24.84,1008.9,995.7,1019.8,5.76,6.7,21.1,0.0051
736,43,4.99,26.14,1006.4,996.2,1015.9,5.73,6.2,21.1,0.0051
737,43,5.14,28.15,997.9,970.8,1013.4,5.68,6.7,21.1,0.0051
738,43,5.42,27.99,1001.2,973.9,1014.8,5.69,7,21.1,0.0051
739,43,5.5,27.99,1001.6,981.7,1019.3,5.69,7.2,21.1,0.0051
740,43,5.54,27.35,1002.3,981,1017.3,5.68,7.1,21.1,0.0051
741,43,5.41,27.76,1003.1,970.8,1019.8,5.71,6.8,21.1,0.0051
742,44,4.47,31.48,1000.9,985.8,1012.4,5.68,7.4,21.01,0.004
743,44,4.26,30.66,996.4,980.4,1008.5,5.66,7,21.01,0.004
744,44,4.86,31.32,1004.5,983.4,1019.7,5.69,7,21.01,0.004
745,44,4.85,32.02,1001.5,980.3,1015.9,5.68,6.8,21.01,0.004
746,44,4.41,30.7,1002.3,989.8,1015,5.68,7.4,21.01,0.004
747,44,4.81,32.87,992,971.1,1003.8,5.65,6.8,21.01,0.004
748,44,4.73,32.5,1002.9,987.8,1013.4,5.68,7.2,21.01,0.004
749,44,4.72,31.91,1000.1,971.1,1019.7,5.67,7.1,21.01,0.004
750,44,4.64,29.06,1001.3,986.5,1014.2,5.66,7,21.09,0.004
751,44,5,29.02,998.7,978.7,1011.3,5.65,7.1,21.09,0.004
752,44,5.06,29.42,1007.4,981.4,1026.6,5.7,6.9,21.09,0.004
753,44,4.87,28.97,999.2,980.2,1020,5.66,7,21.09,0.004
754,44,5.16,28.85,1011.1,989.9,1025.7,5.7,7.4,21.09,0.004
755,44,5.2,28.58,1000.2,981.4,1016.8,5.66,7.2,21.09,0.004
756,44,5.42,29.1,1001.6,978,1016.6,5.66,7.3,21.09,0.004
757,44,5.04,28.82,1002.8,978,1026.6,5.67,7.1,21.09,0.004
758,45,5.1,31.98,1000.6,980.7,1015.3,5.71,6.1,21.01,0.0039
759,45,4.88,31.56,1004,982.7,1017.2,5.71,6.5,21.01,0.0039
760,45,4.82,31.75,1001.3,981.4,1013.6,5.7,6.3,21.01,0.0039
761,45,4.85,31.64,993.2,972.4,1010,5.68,6.2,21.01,0.0039
762,45,5.03,32.75,992,972.9,1005.3,5.67,6,21.01,0.0039
763,45,4.74,30.95,999.2,983.1,1009.8,5.69,6.3,21.02,0.0039
764,45,4.96,32.01,998.4,972.4,1017.2,5.69,6.2,21.01,0.0039
765,45,5.64,30.59,1010.7,995.4,1025.1,5.72,6.2,21.09,0.0039
766,45,5.33,30.52,1008.2,986.7,1023.5,5.71,6.4,21.09,0.0039
767,45,5.22,30.37,1000.4,981.8,1017.6,5.68,6.2,21.09,0.0039
768,45,5.3,31.16,994.5,973.3,1011.1,5.66,6.2,21.09,0.0039
769,45,5.56,31.47,990.8,971.5,1007.3,5.65,5.9,21.09,0.0039
770,45,5.5,30.92,999.5,976.2,1018.4,5.67,6,21.09,0.0039
771,45,5.49,31.02,1000.7,971.5,1025.1,5.68,6.1,21.09,0.0039
772,55,4.7,46.4,1000.2,978.9,1020.5,5.57,8.3,21.06,0.0025
773,55,4.7,47.4,997.9,972.7,1017.6,5.56,8.5,21.06,0.0025
774,55,4,49.5,995.4,980.6,1010.4,5.54,8.6,21.06,0.0025
775,55,4.2,50.2,1001.6,984.8,1017.5,5.56,8.9,21.06,0.0025
776,55,4.2,50.1,1000.3,983.1,1028.3,5.58,8.5,21.06,0.0025
777,55,4.5,50.4,1008.1,992.5,1025.4,5.6,8.8,21.07,0.0025
778,55,4.5,49.1,1007.6,988,1028,5.61,8.7,21.07,0.0025
779,55,4.5,49.4,1005.4,978.1,1026.8,5.59,9.2,21.07,0.0025
780,55,4,49.4,1007,983.2,1028.2,5.62,8.6,21.07,0.0025
781,55,3.8,49.3,991.3,971.9,1014.9,5.54,8.7,21.07,0.0025
782,55,4.2,49.2,1010.4,985.9,1033.3,5.62,8.9,21.07,0.0025
783,55,3.3,49.1,1003.8,982.3,1030.5,5.62,8.3,21.07,0.0025
784,55,3.2,49,1001.6,983.6,1024.4,5.61,8.1,21.06,0.0025
785,55,3.2,48.4,994.9,970.9,1018.5,5.58,8.2,21.07,0.0025
786,56,1.7,49.7,1001.1,976.6,1021.2,5.62,9.2,21.04,0.0036
787,56,2.7,53.4,1006.9,994.4,1020.9,5.69,7.6,21.03,0.0036
788,56,2.7,55.2,1004.2,985.9,1023.4,5.66,7.5,21.04,0.0036
789,56,2.5,55,994.8,969.4,1015.6,5.61,7.7,21.04,0.0036
790,56,2.5,57.7,996.4,974.9,1010.7,5.61,7.7,21.03,0.0036
791,56,2.8,64.7,1003.9,988.6,1019.9,5.65,7.7,21.03,0.0036
792,56,2.9,65.8,994.3,974.9,1018.4,5.61,7.7,21.03,0.0036
793,56,2.8,68.4,997.6,973,1011.3,5.64,7.5,21.03,0.0036
794,56,3.3,70.7,1004.9,982.2,1020.9,5.66,7.8,21.03,0.0036
795,56,4.2,32,997.7,973.7,1017.2,5.61,8.7,21.04,0.0036
796,56,4.4,33,1005,983.8,1027.2,5.65,8.9,21.04,0.0036
797,56,4.4,35.9,998.4,980.1,1010.7,5.61,8.7,21.04,0.0036
798,56,4.6,37,1007.6,982.2,1032.4,5.65,9.1,21.04,0.0036
799,56,4.8,36.8,1002.4,987.1,1020.5,5.62,8.7,21.04,0.0036
800,56,4.8,36.9,1012,994.8,1029.6,5.66,9.2,21.04,0.0036
801,56,5,37.2,1006.7,991.4,1027.2,5.63,9.4,21.04,0.0036
802,56,5.5,35.2,1011.5,993.7,1030.2,5.65,9.9,21.04,0.0036
803,56,3.7,50.4,1002.7,969.4,1032.4,5.64,8.4,21.04,0.0036
804,16,9.84,44.58,1014.1,1007.5,1018.5,5.65,8.9,21.11,0.0043
805,16,8.92,31.34,1006.4,996.4,1014.8,5.66,7.5,21.12,0.0043
806,16,9.2,31.81,1002.9,986.4,1016.3,5.65,7.2,21.12,0.0043
807,16,9.66,33.15,1006.5,979,1018.8,5.67,7,21.12,0.0043
808,16,9.9,32.82,1008.5,991.3,1021.9,5.68,7.3,21.12,0.0043
809,16,10.23,33.76,1010.5,985.1,1024.1,5.68,6.9,21.12,0.0043
810,16,9.5,32.84,1008.2,979,1024.1,5.67,7.5,21.12,0.0043
811,16,8.47,58.16,1012.1,1001.5,1022.6,5.64,9.3,21.1,0.0043
812,16,8.01,49.45,1009.3,997.6,1018.7,5.64,8.5,21.11,0.0043
813,16,7.94,48.6,1008.2,983.9,1019.7,5.64,8.3,21.12,0.0043
814,16,8.11,49.95,1001,972.8,1012.7,5.62,7.7,21.11,0.0043
815,16,8.41,49.67,1006,981.4,1018.6,5.64,7.9,21.11,0.0043
816,16,8.86,49.24,1011.2,984.4,1022.2,5.66,8.1,21.11,0.0043
817,16,8.25,49.78,1008,972.8,1022.6,5.64,8.3,21.11,0.0043
818,15,7.44,35.94,999.5,982,1012.9,5.62,6.7,21.12,0.0033
819,15,6.89,35.88,997.6,982.8,1012.9,5.62,7,21.12,0.0033
820,15,4.7,31.54,1010.2,985.6,1022.7,5.66,6.7,21.12,0.0033
821,15,5.45,35.52,993.5,970.8,1007.3,5.6,6.4,21.12,0.0033
822,15,5.86,36.28,995.5,979.3,1006.5,5.61,6.5,21.12,0.0033
823,15,5.44,34.47,1001.4,979.9,1012.4,5.63,7,21.12,0.0033
824,15,5.59,35,1000,973.3,1010,5.63,6.2,21.12,0.0033
825,15,5.89,35.4,999.7,970.8,1022.7,5.62,6.6,21.12,0.0033
826,15,6.57,44.02,1007.1,986.9,1021.2,5.63,6.5,21.11,0.0033
827,15,5.86,45.15,1001.2,981.1,1016.2,5.6,6.8,21.11,0.0033
828,15,4.76,43.02,993.4,972,1007,5.58,6.6,21.11,0.0033
829,15,5.16,44.77,1001,987.1,1012.9,5.63,6.2,21.11,0.0033
830,15,5.21,44.62,1002.1,978.8,1015.7,5.62,6.3,21.1,0.0033
831,15,5.14,44.06,994.8,972.4,1008.5,5.6,6.1,21.11,0.0033
832,15,5.22,46.39,993.8,962.6,1008.5,5.58,6.4,21.11,0.0033
833,12,5.32,44.26,999,962.6,1021.2,5.61,6.4,21.11,0.0054
834,12,18.11,40.08,1011.1,990.7,1026.5,5.71,5.3,21.12,0.0054
835,12,16.76,40.08,1004.1,987,1015.5,5.68,5.4,21.12,0.0054
836,12,19.27,39.69,1011.1,993.4,1026.1,5.71,5.3,21.12,0.0054
837,12,19.16,39.17,1010.6,996.2,1021,5.71,5.2,21.12,0.0054
838,12,19.04,38.6,1006.5,992.3,1018.7,5.7,5,21.12,0.0054
839,12,20.02,38.86,1002.7,983.4,1023.1,5.69,4.8,21.12,0.0054
840,12,18.58,39.23,1007.7,983.4,1026.5,5.7,5.2,21.11,0.0054
841,12,13.37,47.23,1003.5,988.9,1013.9,5.65,5.9,21.11,0.0054
842,12,13.51,47.46,997,977,1009.8,5.61,5.8,21.12,0.0054
843,12,14.98,47.67,1010.9,996.2,1022.8,5.68,5.9,21.12,0.0054
844,12,14.63,46.96,1006.7,990.5,1015.3,5.66,5.6,21.12,0.0054
845,12,14.78,47.1,1001.4,981.2,1013.9,5.63,5.6,21.11,0.0054
846,12,14.96,47.35,999.9,978.5,1013.7,5.64,5.4,21.12,0.0054
847,12,14.48,47.46,1003.2,977,1022.8,5.65,5.7,21.11,0.0054
848,13,16.24,35.46,1010.8,991.1,1026.6,5.7,6.5,21.11,0.0032
849,13,11.7,38.63,999.9,981.9,1011.9,5.66,6.7,21.11,0.0032
850,13,9.64,40.34,997.6,974.6,1009.4,5.65,6.7,21.11,0.0032
851,13,9.12,39.45,1002.3,981.4,1013.5,5.67,6.7,21.11,0.0032
852,13,9.53,40.57,1001.2,984.2,1020.9,5.65,6.9,21.11,0.0032
853,13,9.8,41.09,1006.3,985.9,1020.3,5.67,7,21.11,0.0032
854,13,10.95,39.33,1003,974.6,1026.6,5.67,6.8,21.11,0.0032
855,13,14.57,45.36,998.1,976,1008.4,5.61,7.4,21.11,0.0032
856,13,11.31,47.49,1003.6,979.2,1018.2,5.63,7.3,21.11,0.0032
857,13,9.61,47.7,1001,982.6,1012.6,5.62,7.3,21.11,0.0032
858,13,9.84,42.96,1003.1,987.2,1012.2,5.64,6.8,21.11,0.0032
859,13,10.31,44.59,1005.6,985.8,1017,5.64,7.3,21.11,0.0032
860,13,9.62,42.74,1003.5,982,1017,5.62,7.6,21.11,0.0032
861,13,10.81,44.71,1002.5,976,1018.2,5.63,7.3,21.11,0.0032
862,14,8.07,38.41,1018.7,1007,1029.9,5.74,5.9,21.11,0.0062
863,14,7.79,38.31,1011.3,997.4,1021,5.69,6,21.11,0.0062
864,14,7.88,38.52,1000.9,989.3,1015.4,5.65,6,21.11,0.0062
865,14,7.9,39.4,997.6,979.8,1009.2,5.65,5.8,21.11,0.0062
866,14,7.88,39.81,1000.8,990.8,1013.6,5.66,5.8,21.11,0.0062
867,14,8.27,38.96,1001.7,988.4,1015.1,5.66,5.8,21.11,0.0062
868,14,8.5,39.76,1001.2,983.8,1016.7,5.66,5.7,21.11,0.0062
869,14,7.95,39.1,1004.6,979.8,1029.9,5.67,5.9,21.11,0.0062
870,14,5.78,45.7,999.6,991,1007.5,5.63,5.9,21.1,0.0062
871,14,6.25,46.55,1011,998.2,1021.1,5.67,6.1,21.1,0.0062
872,14,6.47,47.99,998.5,988.9,1009.4,5.61,6.3,21.1,0.0062
873,14,6.14,48.11,996.8,987.8,1007.8,5.61,6.1,21.1,0.0062
874,14,6.11,47.72,989,970.3,997.3,5.58,5.8,21.1,0.0062
875,14,6.91,48.07,996.2,973.1,1007.5,5.62,5.8,21.1,0.0062
876,14,7.27,48.36,999.1,982,1006.7,5.63,5.9,21.1,0.0062
877,14,6.37,47.53,998.6,970.3,1021.1,5.62,6,21.1,0.0062
878,51,3.34,24.2,1000.3,993.8,1007,5.63,11.4,21.11,0.0042
879,51,3.74,25.85,1014.1,1009.9,1020.1,5.66,11.7,21.11,0.0042
880,51,3.44,25.27,1004.4,999.3,1012,5.63,11.4,21.11,0.0042
881,51,3.62,26.97,1012.2,1005,1017.8,5.65,11.7,21.11,0.0042
882,51,3.81,26.85,1007.7,987.4,1016.3,5.64,11.5,21.11,0.0042
883,51,3.89,26.96,1007.3,1002,1013.4,5.64,11.2,21.11,0.0042
884,51,3.57,25.46,1011.3,988.1,1021.2,5.65,11.3,21.11,0.0042
885,51,3.8,26.55,1006.6,995,1012.5,5.64,11.8,21.11,0.0042
886,51,3.78,27.35,1000,989.2,1003.4,5.62,10.8,21.11,0.0042
887,51,3.74,27.12,1003.3,973.2,1013,5.62,11.1,21.11,0.0042
888,51,3.63,26.48,1001.6,992.3,1007.9,5.61,11,21.11,0.0042
889,51,3.61,27.79,997.1,989.9,1006.9,5.6,11.1,21.11,0.0042
890,51,3.63,26.13,1005.5,973.2,1021.2,5.63,11.3,21.11,0.0042
891,51,5.48,29.37,999.9,987.3,1009.3,5.58,12.1,21.1,0.0042
892,51,5.04,28.05,990,981.9,993.8,5.56,11.2,21.11,0.0042
893,51,4.9,26.92,999.8,985,1010,5.59,11.9,21.1,0.0042
894,51,5.04,27.67,998.4,990.7,1005.2,5.59,11.9,21.1,0.0042
895,51,5.27,26.16,1020,1011.2,1029.3,5.67,12.8,21.1,0.0042
896,51,5.73,28.01,997.9,991,1001.1,5.58,11.6,21.11,0.0042
897,51,4.92,26.86,1002.9,996.8,1007.1,5.6,11.9,21.1,0.0042
898,51,4.99,26.82,1001.6,995.1,1008.9,5.59,11.3,21.1,0.0042
899,51,4.97,26.97,1003.1,991.4,1010.2,5.6,11.8,21.1,0.0042
900,51,5.75,30.6,995.7,985.1,1006.6,5.58,11.3,21.1,0.0042
901,51,4.82,26.49,986.8,973.2,1005.2,5.54,11.1,21.11,0.0042
902,51,5.38,27.65,1004.8,995.9,1012,5.6,11.8,21.1,0.0042
903,51,5.18,27.26,1000.1,973.2,1029.3,5.59,11.7,21.1,0.0042
904,52,4.28,26.15,1011.2,1004.4,1019.5,5.67,12.2,21.1,0.0046
905,52,4.37,28.39,1006.5,998.9,1015.2,5.64,12.1,21.11,0.0046
906,52,4.07,27.2,1002.5,991.7,1010.6,5.62,12.3,21.1,0.0046
907,52,4,27.16,996.8,989.9,1005,5.61,11.9,21.1,0.0046
908,52,3.92,27.55,990.6,980.8,999.3,5.58,12.2,21.11,0.0046
909,52,3.99,27.35,996.6,988.5,1001.3,5.59,13.1,21.1,0.0046
910,52,4,28.23,990.2,974.9,1010.5,5.58,12.6,21.1,0.0046
911,52,4.51,30.2,986,971.2,998.1,5.57,12.9,21.1,0.0046
912,52,4.08,27.73,997.6,971.2,1019.5,5.61,12.4,21.1,0.0046
913,52,4.12,25.91,1002.5,992.4,1009.7,5.62,12.3,21.11,0.0046
914,52,4.33,28.83,994.3,987.2,1000.3,5.58,12.3,21.11,0.0046
915,52,4.38,28.45,997.7,986.7,1007,5.59,12.3,21.11,0.0046
916,52,4.31,27.18,992.7,972.7,1000.9,5.57,12.6,21.11,0.0046
917,52,4.43,27.12,997.2,981.5,1007.9,5.59,13,21.11,0.0046
918,52,5.01,28.93,993.3,973.9,1007.9,5.57,12.8,21.11,0.0046
919,52,4.62,27.13,994.8,976.9,1008.4,5.56,12.9,21.1,0.0046
920,52,4.62,25.82,994.9,985,1008.5,5.57,12.7,21.1,0.0046
921,52,4.57,27.87,995.9,972.7,1009.7,5.58,12.6,21.11,0.0046
922,53,4.53,30.91,999.1,991.5,1011.7,5.61,14.2,21.1,0.0037
923,53,3.88,30.62,994.1,977.6,1003.9,5.59,13.1,21.11,0.0037
924,53,4.14,31.4,996.2,977.9,1009,5.6,13.4,21.11,0.0037
925,53,4.03,31.15,995.6,986.7,1003.5,5.6,13.1,21.11,0.0037
926,53,4.5,32.7,997.5,972.7,1010.7,5.61,13.3,21.11,0.0037
927,53,4.2,30.17,1000.7,988.3,1008.1,5.62,13.2,21.11,0.0037
928,53,4.45,28.83,1002.2,980.8,1013.9,5.64,12.7,21.11,0.0037
929,53,4.45,28.68,1004.3,975.7,1016.4,5.64,13,21.11,0.0037
930,53,4.26,30.27,998.7,972.7,1016.4,5.61,13.3,21.11,0.0037
931,53,4.88,29.82,1009.4,1002,1014.6,5.63,14.2,21.1,0.0037
932,53,4.73,31.02,995.2,987.4,1004.4,5.58,13.2,21.1,0.0037
933,53,4.58,30.4,990.2,983.4,995.5,5.54,12.8,21.1,0.0037
934,53,4.85,30.99,997.8,984.1,1011.4,5.58,13,21.1,0.0037
935,53,4.92,30.37,1001.2,979.3,1010.6,5.6,13.3,21.1,0.0037
936,53,5.15,30.99,1001.4,981.4,1010.6,5.6,13.2,21.1,0.0037
937,53,5.38,28.24,1007.7,988.9,1015.5,5.63,13,21.11,0.0037
938,53,5.31,27.86,1004.5,987.2,1013.5,5.62,12.8,21.1,0.0037
939,53,5.02,29.91,1000.9,979.3,1015.5,5.6,13.2,21.1,0.0037
940,1,3.65,25.76,1013.7,1003.6,1027.6,5.64,9.1,21.11,0.0025
941,1,3.51,25.76,999.4,975.9,1019.9,5.65,6.4,21.11,0.0025
942,1,4.29,27.36,990.1,970.5,1010.3,5.62,6.1,21.11,0.0025
943,1,4.33,26.37,1001.7,981.2,1025,5.66,6.3,21.11,0.0025
944,1,4.08,24.95,995.6,971.6,1014.1,5.64,6.2,21.11,0.0025
945,1,4.77,26.6,1002.7,984.3,1022.4,5.67,6.3,21.11,0.0025
946,1,4.18,24.55,1005.3,985.5,1030,5.67,6.2,21.11,0.0025
947,1,5.08,28.56,1004.8,977.2,1021.4,5.66,6.3,21.11,0.0025
948,1,4.99,28.51,1007.5,991.9,1025.4,5.68,6.4,21.11,0.0025
949,1,4.43,26.93,1002.3,970.5,1030,5.65,6.6,21.11,0.0025
950,1,7.44,36.4,1015.7,1006.2,1024.9,5.69,7.8,21.11,0.0025
951,1,6.15,32.58,997.2,972.7,1016.6,5.64,6.2,21.11,0.0025
952,1,6.22,32.71,1002.8,976.1,1024.2,5.65,6.1,21.11,0.0025
953,1,6.48,33.44,999.2,976.1,1015.9,5.65,6.1,21.11,0.0025
954,1,6.19,31.98,1001.9,979.1,1017.5,5.66,6.1,21.11,0.0025
955,1,5.84,30.59,1005.5,982.4,1022,5.68,6.3,21.11,0.0025
956,1,6.24,32.41,997.7,973.7,1015.9,5.65,6.1,21.11,0.0025
957,1,5.98,30.87,994.2,970.8,1017.2,5.63,5.9,21.11,0.0025
958,1,6.11,32.02,1006.1,983.1,1023,5.67,6.2,21.11,0.0025
959,1,6.11,32.11,1002.3,970.8,1024.9,5.66,6.3,21.11,0.0025
960,4,6.36,44.07,1002.7,992.1,1012.1,5.61,10,21.1,0.0068
961,4,4.19,37.68,999.2,981.6,1011.9,5.64,8.5,21.1,0.0068
962,4,4.17,40.27,1003,989.1,1020.7,5.66,8.1,21.1,0.0068
963,4,3.41,39.1,995.6,982,1018.5,5.63,8,21.1,0.0068
964,4,3.91,39.64,992.2,977.3,1014.9,5.63,8.5,21.1,0.0068
965,4,3.57,37.84,998.3,983.2,1019.3,5.64,8,21.1,0.0068
966,4,3.61,39.3,994.8,983.3,1019,5.62,8,21.1,0.0068
967,4,3.93,38.4,998,977.3,1020.7,5.63,8.4,21.1,0.0068
968,4,6.46,37.13,1013.1,1001,1022,5.7,9.7,21.11,0.0068
969,4,6.2,36.24,1002.8,988.1,1016.9,5.67,8.5,21.11,0.0068
970,4,5.42,36.52,1001.4,988.9,1018.1,5.69,8.1,21.11,0.0068
971,4,5.79,38.42,996.7,975,1013.4,5.67,7.8,21.11,0.0068
972,4,5.82,37.14,1001.2,978.2,1019.7,5.68,8.3,21.11,0.0068
973,4,5.93,38.08,1012.5,995.9,1031.2,5.73,8,21.11,0.0068
974,4,5.43,36.12,994.5,973.3,1015.1,5.65,8.4,21.11,0.0068
975,4,5.77,36.58,1003.1,973.3,1031.2,5.68,8.4,21.11,0.0068
976,31,9.36,60.62,1003.3,995.9,1010.3,5.59,7.4,21.1,0.0074
977,31,8.56,59.63,995.7,986.7,1004.7,5.56,7.2,21.1,0.0074
978,31,9.15,59.96,1002.4,990.1,1012.3,5.59,7.5,21.1,0.0074
979,31,9.49,59.74,1000.8,992.9,1008,5.59,7.3,21.1,0.0074
980,31,10.26,58.75,1010.5,1000.9,1022.6,5.63,7.7,21.1,0.0074
981,31,10.99,54.07,1015.1,1003.2,1024,5.65,7.8,21.1,0.0074
982,31,10.75,51.22,1010.9,1001.6,1020,5.63,7.5,21.1,0.0074
983,31,10.75,50.97,1012.2,1004,1021.1,5.63,7.6,21.1,0.0074
984,31,10.83,51.55,1006.8,998.4,1013.3,5.62,7.4,21.1,0.0074
985,31,10.52,50.93,1004.1,995.7,1013.3,5.62,7.7,21.1,0.0074
986,31,10.52,51.47,1006.2,998.5,1017.8,5.61,7.6,21.1,0.0074
987,31,10.05,50.58,1006.8,999.2,1018.2,5.61,7.4,21.1,0.0074
988,31,9.98,51.18,1005.1,998.7,1015.7,5.61,7.5,21.1,0.0074
989,31,10.02,51.32,1003.5,996.3,1012.3,5.6,7.3,21.1,0.0074
990,31,9.62,50.61,1003.3,996,1016.3,5.61,7.6,21.1,0.0074
991,31,9.92,51.47,1001.6,994.2,1011.9,5.61,7.3,21.1,0.0074
992,31,9.68,50.4,1004.6,997.5,1012.3,5.62,7.6,21.1,0.0074
993,31,9.99,51.11,1003.4,996.1,1013.7,5.6,7.3,21.1,0.0074
994,31,9.99,53.18,1005.3,986.7,1024,5.61,7.5,21.1,0.0074
995,31,10.39,56.05,1008.1,1002.3,1014.4,5.62,8.1,21.07,0.0074
996,31,10.28,56,1004.8,994.7,1011.4,5.59,8.1,21.07,0.0074
997,31,10.44,56.36,1004.6,999.4,1010.7,5.62,7.4,21.07,0.0074
998,31,10.62,55.95,1007.5,1001.2,1015.6,5.63,7.6,21.07,0.0074
999,31,11.38,54.87,1017,1005.8,1024.9,5.66,7.8,21.07,0.0074
1000,31,11.07,51,1010.5,1005.6,1022.5,5.64,7.6,21.07,0.0074
1001,31,10.73,49.2,1005.8,997.6,1012.1,5.62,7.6,21.07,0.0074
1002,31,10.85,49.56,1007.2,999.2,1012.8,5.62,7.9,21.07,0.0074
1003,31,11.14,50.04,1006,1000.4,1013.2,5.63,7.6,21.07,0.0074
1004,31,11.29,50.52,1007.8,998.7,1013.4,5.63,7.7,21.07,0.0074
1005,31,11.23,50.17,1006.5,996.5,1013.1,5.63,7.9,21.07,0.0074
1006,31,11.16,50.13,1010.8,1004.8,1017,5.65,8,21.07,0.0074
1007,31,10.68,50.05,1003,996.8,1011.3,5.62,7.6,21.07,0.0074
1008,31,10.51,49.81,1002.6,996,1009.3,5.61,7.7,21.07,0.0074
1009,31,10.66,50.17,1005,1000.2,1010.2,5.62,7.6,21.07,0.0074
1010,31,10.61,50.08,1001.7,995.8,1007.2,5.61,7.7,21.07,0.0074
1011,31,10.52,49.89,1000.2,994.1,1006.1,5.6,7.3,21.07,0.0074
1012,31,10.62,50.17,1005.1,999.4,1015.3,5.62,7.4,21.07,0.0074
1013,31,10.71,51.13,1006.4,994.1,1024.9,5.62,7.7,21.07,0.0074
1014,2,4.12,31.54,1003.6,993.2,1025,5.63,6.5,21.1,0.0038
1015,2,3.99,30.78,998.1,987.1,1012,5.61,6.5,21.1,0.0038
1016,2,4.2,32.75,1002.3,993.4,1015.5,5.62,6.6,21.1,0.0038
1017,2,5.28,31.89,999.9,983.8,1023.9,5.63,6.1,21.1,0.0038
1018,2,5.36,32.15,996.5,978.8,1014.7,5.62,6,21.1,0.0038
1019,2,5.27,32.37,994.1,980,1024.2,5.61,6,21.1,0.0038
1020,2,5.26,32,998.2,984.6,1028.4,5.62,6.1,21.1,0.0038
1021,2,4.59,28.26,1001,980.8,1032.8,5.65,6.2,21.1,0.0038
1022,2,4.78,31.8,999.2,978.8,1032.8,5.62,6.2,21.1,0.0038
1023,2,5.97,35.88,1005.5,988.8,1023.8,5.65,6.6,21.1,0.0038
1024,2,5.94,36.71,998.7,988.1,1018.5,5.62,6.8,21.1,0.0038
1025,2,6.01,37.59,994.7,984.5,1007.8,5.61,6.7,21.1,0.0038
1026,2,5.04,35.64,997.2,979.5,1021.6,5.62,6.5,21.1,0.0038
1027,2,5.58,37.95,992.7,976.7,1016.5,5.61,6.4,21.1,0.0038
1028,2,5.07,35.78,992.1,971.2,1016,5.61,6.3,21.1,0.0038
1029,2,5.12,35.7,988.8,972.5,1013,5.6,6.2,21.09,0.0038
1030,2,4.66,32.46,991.5,975.5,1017.2,5.61,6.5,21.1,0.0038
1031,2,5.25,35.63,995.1,971.2,1023.8,5.62,6.5,21.1,0.0038
1032,5,5.1,27.87,1008.9,1002,1014.9,5.62,9.9,21.12,0.0025
1033,5,4.86,28.91,992.8,982.7,1008,5.57,9.2,21.12,0.0025
1034,5,4.9,29.51,996.8,986.9,1011.1,5.58,9.4,21.12,0.0025
1035,5,5.1,31.83,990.3,979.9,999.1,5.55,9.3,21.12,0.0025
1036,5,5.44,33,1005.4,993.4,1018.4,5.6,9.6,21.12,0.0025
1037,5,4.7,30.18,995.3,985.6,1004,5.56,9.5,21.12,0.0025
1038,5,4.81,29.31,989.9,983.2,1003.4,5.55,9.1,21.12,0.0025
1039,5,5.48,34.16,1001.9,994.7,1010.3,5.58,10.7,21.12,0.0025
1040,5,5.38,33.26,1009.6,1004.7,1022.7,5.61,10,21.12,0.0025
1041,5,5.24,32.83,1004.3,996.5,1010,5.59,9.7,21.12,0.0025
1042,5,5.33,32.17,1001.5,995.5,1007.9,5.58,9.4,21.12,0.0025
1043,5,5.1,31.09,999.7,979.9,1022.7,5.58,9.6,21.12,0.0025
1044,5,5.83,32.88,992.9,982.5,1011.3,5.57,10,21.11,0.0025
1045,5,6.82,34.76,993,980.3,1010,5.58,9.8,21.11,0.0025
1046,5,7.28,37.18,991.6,978.3,999.9,5.55,9.9,21.11,0.0025
1047,5,7.84,38.07,1016.9,1003,1027.6,5.64,11.1,21.11,0.0025
1048,5,7.28,36.27,1002.8,986.5,1016.9,5.6,10,21.11,0.0025
1049,5,6.07,35.19,992.7,983.5,1001,5.55,10,21.11,0.0025
1050,5,5.99,34.84,1004.8,997.6,1010.7,5.6,10.3,21.11,0.0025
1051,5,6.5,36.44,999.5,989.1,1004.3,5.58,10,21.11,0.0025
1052,5,5.97,34.69,1006,1001.1,1010.3,5.6,10.4,21.11,0.0025
1053,5,5.96,35.29,1001.6,995.2,1009.2,5.6,10.2,21.1,0.0025
1054,5,6.1,35.43,1001.3,993.6,1007.8,5.58,10.1,21.11,0.0025
1055,5,6.31,35.2,1000.3,978.3,1027.6,5.59,10.2,21.11,0.0025
1056,34,6.14,42.46,1007.4,997.8,1013.3,5.65,5.3,21.07,0.007
1057,34,7.15,45.21,1009,1002.9,1018.8,5.65,5.7,21.07,0.007
1058,34,6.84,44.37,1009.9,1000.3,1015.8,5.65,5.4,21.07,0.007
1059,34,6.94,45.25,1008.6,997.2,1012.8,5.65,5.4,21.07,0.007
1060,34,7.69,46.18,1009.4,1002.5,1015.2,5.65,5.3,21.07,0.007
1061,34,7.6,45.76,1008.8,1003,1014.3,5.65,5.4,21.07,0.007
1062,34,7.64,46.15,1007,996.4,1014.3,5.64,5.7,21.06,0.007
1063,34,7.65,46.16,1007.5,1001.5,1014.5,5.64,5.5,21.06,0.007
1064,34,7.57,45.72,1004.8,998.1,1011.6,5.64,5.8,21.06,0.007
1065,34,7.86,46.3,1005,995.5,1013.5,5.64,5.7,21.06,0.007
1066,34,7.81,46.1,1004.2,995.4,1009.8,5.63,6,21.06,0.007
1067,34,7.55,45.86,1007.4,995.4,1018.8,5.65,5.5,21.07,0.007
1068,34,6.14,42.98,1011.7,1002.6,1019.1,5.68,5.4,21.07,0.007
1069,34,6.55,43.12,1006.8,1000.6,1020.1,5.64,5.3,21.07,0.007
1070,34,6.56,43.51,1014.3,1007.9,1021.3,5.67,5.4,21.07,0.007
1071,34,6.47,45.03,1007.8,998.1,1014.7,5.64,5.3,21.07,0.007
1072,34,7.52,45.65,1010,1004.6,1017.4,5.65,5.4,21.07,0.007
1073,34,7.52,46.03,1007.6,999.7,1014.6,5.64,5.4,21.06,0.007
1074,34,7.65,46.65,1005.2,999.8,1011.2,5.63,5.5,21.06,0.007
1075,34,7.45,46.03,1006.4,996.6,1013.9,5.63,5.6,21.06,0.007
1076,34,7.46,46.1,998.8,992.4,1009,5.61,5.6,21.07,0.007
1077,34,7.49,46.24,1004.6,998.9,1010.4,5.62,5.7,21.07,0.007
1078,34,7.61,46.72,998.8,991.5,1005.3,5.6,5.9,21.07,0.007
1079,34,7.28,45.48,1006.5,991.5,1021.3,5.64,5.5,21.07,0.007
1080,35,5.19,34.32,1001.9,989,1014.3,5.65,5.8,21.11,0.0065
1081,35,6.47,40.28,1007.7,997.7,1019.9,5.67,5.8,21.1,0.0065
1082,35,6.24,38.58,1001.4,992.1,1010.6,5.64,5.9,21.1,0.0065
1083,35,6.36,39.51,1001.1,991.1,1011.7,5.64,5.7,21.1,0.0065
1084,35,6.38,42.89,999.6,984.2,1013.8,5.62,5.7,21.1,0.0065
1085,35,6.45,43.75,1002.3,989.2,1011.8,5.64,5.7,21.1,0.0065
1086,35,6.53,43.68,993.5,977.4,1010.3,5.61,5.7,21.1,0.0065
1087,35,6.76,45.11,999.4,981.8,1016.1,5.64,5.6,21.1,0.0065
1088,35,6.42,42.18,1000.8,977.4,1019.9,5.64,5.7,21.1,0.0065
1089,35,5.96,32.76,992.1,982.3,1002.8,5.64,5.6,21.11,0.0065
1090,35,7.25,35.96,994.6,981.3,1006.3,5.63,5.5,21.1,0.0065
1091,35,7.1,35.71,1003.1,993.5,1019.1,5.66,5.7,21.1,0.0065
1092,35,7.33,36.81,997.8,984.6,1011.9,5.64,5.7,21.1,0.0065
1093,35,7.51,39.98,998.9,982.3,1012.7,5.64,5.8,21.1,0.0065
1094,35,7.7,41.02,1006.5,992.3,1022.2,5.67,5.9,21.1,0.0065
1095,35,8.04,41.93,1002.4,983.9,1026,5.65,5.6,21.1,0.0065
1096,35,7.66,40.97,997.8,974.9,1013.7,5.64,5.7,21.1,0.0065
1097,35,7.53,39.19,999.2,974.9,1026,5.65,5.7,21.1,0.0065
